player,team,PA,marcel_OPS,stan_wOBA,stan_OPS,bayes_OPS,bayes_OPS_lo80,bayes_OPS_hi80,bayes_OPS_lo95,bayes_OPS_hi95,stan_delta,method
中野　拓夢,阪神,637,0.647,0.2894,0.642,0.645,0.452,0.823,0.354,0.925,-0.00212,bma_jpn
岡林　勇希,中日,577,0.696,0.3149,0.701,0.7,0.511,0.882,0.413,0.984,0.00228,bma_jpn
大山　悠輔,阪神,582,0.752,0.3339,0.746,0.754,0.555,0.926,0.458,1.028,-0.00274,bma_jpn
柳田　悠岐,ソフトバンク,264,0.768,0.3411,0.762,0.761,0.572,0.943,0.474,1.045,-0.00237,bma_jpn
近藤　健介,ソフトバンク,460,0.885,0.3892,0.875,0.88,0.684,1.055,0.587,1.157,-0.00447,bma_jpn
佐野　恵太,DeNA,579,0.702,0.3201,0.714,0.711,0.523,0.894,0.426,0.996,0.00498,bma_jpn
牧　秀悟,DeNA,501,0.812,0.3571,0.8,0.802,0.609,0.981,0.512,1.082,-0.00528,bma_jpn
浅村　栄斗,楽天,496,0.721,,,0.721,,,,,,marcel_only
村上　宗隆,ヤクルト,446,0.865,0.3752,0.842,0.849,0.651,1.023,0.554,1.124,-0.00993,bma_jpn
岡本　和真,巨人,473,0.885,0.392,0.881,0.889,0.691,1.062,0.593,1.164,-0.00168,bma_jpn
中村　晃,ソフトバンク,394,0.626,0.2888,0.641,0.627,0.45,0.821,0.352,0.923,0.00624,bma_jpn
近本　光司,阪神,625,0.719,0.3194,0.712,0.717,0.521,0.893,0.424,0.994,-0.00306,bma_jpn
中村　奨吾,ロッテ,317,0.62,0.2925,0.649,0.642,0.459,0.83,0.361,0.932,0.01251,bma_jpn
万波　中正,日本ハム,525,0.748,0.3274,0.73,0.732,0.54,0.911,0.442,1.013,-0.00753,bma_jpn
細川　成也,中日,522,0.811,0.3508,0.785,0.799,0.595,0.966,0.497,1.068,-0.01112,bma_jpn
外崎　修汰,西武,482,0.655,0.2956,0.657,0.639,0.466,0.837,0.368,0.939,0.00065,bma_jpn
中川　圭太,オリックス,411,0.708,0.3216,0.717,0.706,0.527,0.898,0.429,1.0,0.00391,bma_jpn
松本　剛,日本ハム,379,0.598,0.2814,0.623,0.611,0.433,0.804,0.335,0.906,0.01085,bma_jpn
小深田　大翔,楽天,460,0.609,0.2748,0.608,0.609,0.418,0.789,0.32,0.89,-0.00044,bma_jpn
佐藤　輝明,阪神,551,0.832,0.357,0.799,0.806,0.609,0.98,0.511,1.082,-0.01395,bma_jpn
オスナ,ヤクルト,570,0.696,0.3135,0.698,0.702,0.508,0.879,0.41,0.981,0.00092,bma_jpn
関根　大気,DeNA,190,0.625,,,0.625,,,,,,marcel_only
サンタナ,ヤクルト,390,0.798,0.3356,0.75,0.775,0.559,0.931,0.462,1.032,-0.02074,bma_jpn
ノイジー,阪神,306,0.627,,,0.627,,,,,,marcel_only
マキノン,西武,514,0.695,,,0.695,,,,,,marcel_only
ポランコ,ロッテ,344,0.708,0.3142,0.7,0.711,0.509,0.881,0.412,0.982,-0.00348,bma_jpn
辰己　涼介,楽天,499,0.714,0.3146,0.701,0.677,0.51,0.881,0.413,0.983,-0.00574,bma_jpn
大島　洋平,中日,206,0.583,0.2666,0.589,0.586,0.398,0.77,0.301,0.871,0.00254,bma_jpn
大城　卓三,巨人,271,0.685,0.3069,0.683,0.685,0.492,0.864,0.395,0.965,-0.00091,bma_jpn
長岡　秀樹,ヤクルト,434,0.653,0.3044,0.677,0.65,0.486,0.858,0.389,0.959,0.01024,bma_jpn
菊池　涼介,広島,449,0.612,0.2739,0.606,0.612,0.415,0.787,0.318,0.888,-0.00263,bma_jpn
今宮　健太,ソフトバンク,376,0.666,0.303,0.674,0.657,0.483,0.854,0.386,0.956,0.00328,bma_jpn
秋山　翔吾,広島,382,0.654,0.2902,0.644,0.638,0.453,0.825,0.356,0.926,-0.00433,bma_jpn
紅林　弘太郎,オリックス,481,0.685,0.3114,0.693,0.686,0.503,0.874,0.405,0.976,0.00358,bma_jpn
桑原　将志,DeNA,413,0.686,0.3064,0.682,0.686,0.491,0.862,0.394,0.964,-0.00189,bma_jpn
吉川　尚輝,巨人,510,0.69,0.3075,0.684,0.681,0.494,0.865,0.396,0.967,-0.00253,bma_jpn
宗　佑磨,オリックス,388,0.626,0.2896,0.642,0.638,0.452,0.823,0.354,0.925,0.00705,bma_jpn
山口　航輝,ロッテ,226,0.676,0.2869,0.636,0.663,0.446,0.817,0.348,0.919,-0.01709,bma_jpn
野村　佑希,日本ハム,323,0.694,0.3057,0.68,0.694,0.49,0.861,0.392,0.962,-0.00602,bma_jpn
安田　尚憲,ロッテ,322,0.643,0.2862,0.634,0.629,0.444,0.815,0.346,0.917,-0.00366,bma_jpn
木浪　聖也,阪神,338,0.591,0.2648,0.585,0.591,0.394,0.765,0.297,0.867,-0.00275,bma_jpn
石川　昂弥,中日,239,0.668,,,0.668,,,,,,marcel_only
宮﨑　敏郎,DeNA,418,0.763,,,0.763,,,,,,marcel_only
坂本　勇人,巨人,328,0.672,0.301,0.669,0.671,0.479,0.85,0.381,0.952,-0.00123,bma_jpn
森　友哉,オリックス,345,0.749,0.3396,0.759,0.742,0.569,0.94,0.471,1.042,0.00432,bma_jpn
頓宮　裕真,オリックス,428,0.709,0.3203,0.714,0.707,0.524,0.895,0.426,0.997,0.00214,bma_jpn
坂倉　将吾,広島,432,0.72,0.3213,0.716,0.703,0.526,0.897,0.428,0.999,-0.00162,bma_jpn
マルティネス,日本ハム,294,0.694,0.2993,0.665,0.68,0.475,0.846,0.377,0.947,-0.01246,bma_jpn
西川　龍馬,オリックス,467,0.698,0.3063,0.681,0.691,0.491,0.862,0.393,0.964,-0.00711,bma_jpn
小郷　裕哉,楽天,405,0.665,0.2963,0.658,0.649,0.468,0.839,0.37,0.94,-0.00302,bma_jpn
秋広　優人,巨人,150,0.694,,,0.694,,,,,,marcel_only
源田　壮亮,西武,452,0.601,0.2757,0.61,0.606,0.42,0.791,0.322,0.892,0.00385,bma_jpn
丸　佳浩,巨人,460,0.71,0.3163,0.705,0.714,0.514,0.886,0.417,0.987,-0.00229,bma_jpn
山田　哲人,ヤクルト,391,0.682,0.3111,0.692,0.693,0.502,0.873,0.404,0.975,0.00449,bma_jpn
甲斐　拓也,巨人,340,0.644,0.2787,0.617,0.627,0.427,0.798,0.329,0.899,-0.0116,bma_jpn
野間　峻祥,広島,321,0.651,0.2898,0.643,0.646,0.452,0.824,0.355,0.925,-0.00351,bma_jpn
清宮　幸太郎,日本ハム,454,0.758,0.3383,0.756,0.759,0.565,0.937,0.468,1.038,-0.0009,bma_jpn
岡島　豪郎,楽天,134,0.65,,,0.65,,,,,,marcel_only
ソト,ロッテ,433,0.7,0.2947,0.654,0.691,0.464,0.835,0.366,0.937,-0.01962,bma_jpn
栗原　陵矢,ソフトバンク,434,0.748,0.3271,0.73,0.735,0.539,0.911,0.442,1.012,-0.00783,bma_jpn
牧原　大成,ソフトバンク,368,0.667,0.2952,0.655,0.658,0.465,0.836,0.367,0.938,-0.00498,bma_jpn
デビッドソン,広島,381,0.663,,,0.663,,,,,,marcel_only
藤岡　裕大,ロッテ,373,0.692,0.3061,0.681,0.676,0.491,0.862,0.393,0.964,-0.00472,bma_jpn
森下　翔太,阪神,528,0.781,0.3507,0.785,0.791,0.594,0.966,0.497,1.067,0.0016,bma_jpn
中村　悠平,ヤクルト,304,0.598,0.2748,0.608,0.6,0.417,0.789,0.32,0.89,0.00424,bma_jpn
柳町　達,ソフトバンク,388,0.727,0.3103,0.691,0.711,0.5,0.871,0.403,0.973,-0.0156,bma_jpn
岡　大海,ロッテ,308,0.738,0.32,0.713,0.727,0.523,0.894,0.425,0.996,-0.01057,bma_jpn
杉本　裕太郎,オリックス,362,0.707,0.3033,0.674,0.691,0.484,0.855,0.386,0.957,-0.01404,bma_jpn
島内　宏明,楽天,148,0.612,,,0.612,,,,,,marcel_only
藤原　恭大,ロッテ,367,0.694,0.3051,0.679,0.67,0.488,0.859,0.391,0.961,-0.00662,bma_jpn
門脇　誠,巨人,295,0.625,0.2816,0.624,0.622,0.433,0.805,0.336,0.906,-0.00047,bma_jpn
ビシエド,DeNA,140,0.632,0.2829,0.627,0.636,0.436,0.808,0.339,0.909,-0.00223,bma_jpn
上川畑　大悟,日本ハム,222,0.594,0.2851,0.632,0.61,0.442,0.813,0.344,0.914,0.01629,bma_jpn
茶野　篤政,オリックス,110,0.622,,,0.622,,,,,,marcel_only
村林　一輝,楽天,507,0.632,0.2765,0.612,0.614,0.422,0.793,0.324,0.895,-0.00857,bma_jpn
フランコ,楽天,309,0.619,0.2762,0.611,0.613,0.421,0.792,0.323,0.894,-0.00335,bma_jpn
福永　裕基,中日,239,0.69,0.308,0.685,0.675,0.495,0.866,0.397,0.968,-0.00205,bma_jpn
中村　剛也,西武,195,0.668,0.2898,0.643,0.665,0.452,0.824,0.355,0.925,-0.01076,bma_jpn
ゴンザレス,楽天,189,0.587,0.2574,0.568,0.58,0.377,0.748,0.279,0.85,-0.00835,bma_jpn
若月　健矢,オリックス,346,0.638,0.2858,0.634,0.636,0.443,0.814,0.346,0.916,-0.00187,bma_jpn
三森　大貴,DeNA,177,0.637,0.2886,0.64,0.634,0.45,0.821,0.352,0.923,0.00134,bma_jpn
木下　拓哉,中日,197,0.617,0.2798,0.62,0.607,0.429,0.8,0.332,0.902,0.00113,bma_jpn
山﨑　剛,楽天,135,0.623,,,0.623,,,,,,marcel_only
小園　海斗,広島,511,0.717,0.322,0.718,0.72,0.528,0.899,0.43,1.0,0.00042,bma_jpn
龍空,中日,156,0.576,,,0.576,,,,,,marcel_only
村松　開人,中日,293,0.61,0.2809,0.622,0.614,0.432,0.803,0.334,0.905,0.00522,bma_jpn
ブリンソン,巨人,294,0.672,,,0.672,,,,,,marcel_only
鈴木　大地,楽天,309,0.644,0.2932,0.651,0.645,0.46,0.832,0.363,0.933,0.00294,bma_jpn
梶谷　隆幸,巨人,134,0.636,,,0.636,,,,,,marcel_only
坂本　誠志郎,阪神,317,0.616,0.267,0.59,0.605,0.399,0.771,0.302,0.872,-0.01122,bma_jpn
中田　翔,中日,176,0.632,0.2982,0.663,0.634,0.472,0.843,0.374,0.945,0.0131,bma_jpn
京田　陽太,DeNA,238,0.583,0.2521,0.555,0.576,0.365,0.736,0.267,0.838,-0.01199,bma_jpn
堂林　翔太,広島,194,0.639,0.2804,0.621,0.634,0.431,0.802,0.333,0.903,-0.00775,bma_jpn
古賀　悠斗,西武,300,0.629,0.2837,0.629,0.624,0.438,0.81,0.341,0.911,-0.00012,bma_jpn
佐藤　都志也,ロッテ,314,0.652,0.2973,0.66,0.644,0.47,0.841,0.372,0.943,0.00363,bma_jpn
濱田　太貴,ヤクルト,122,0.66,0.2936,0.652,0.655,0.461,0.833,0.364,0.934,-0.00348,bma_jpn
上本　崇司,広島,131,0.585,0.2604,0.574,0.586,0.384,0.755,0.286,0.857,-0.00457,bma_jpn
内山　壮真,ヤクルト,281,0.694,0.3126,0.696,0.693,0.506,0.877,0.408,0.979,0.00093,bma_jpn
周東　佑京,ソフトバンク,405,0.67,0.2929,0.65,0.653,0.46,0.831,0.362,0.933,-0.00856,bma_jpn
愛斗,ロッテ,100,0.596,,,0.596,,,,,,marcel_only
鈴木　将平,西武,158,0.614,,,0.614,,,,,,marcel_only
青木　宣親,ヤクルト,187,0.61,,,0.61,,,,,,marcel_only
マクブルーム,広島,259,0.651,,,0.651,,,,,,marcel_only
佐藤　龍世,中日,211,0.692,0.3039,0.676,0.687,0.485,0.857,0.388,0.958,-0.00699,bma_jpn
野口　智哉,オリックス,101,0.644,0.296,0.657,0.649,0.467,0.838,0.369,0.94,0.00578,bma_jpn
田中　広輔,広島,118,0.596,0.2811,0.623,0.604,0.432,0.803,0.335,0.905,0.01142,bma_jpn
阿部　寿樹,楽天,202,0.683,,,0.683,,,,,,marcel_only
伏見　寅威,日本ハム,197,0.572,0.2559,0.564,0.565,0.374,0.745,0.276,0.847,-0.00341,bma_jpn
梅野　隆太郎,阪神,224,0.553,0.2462,0.541,0.547,0.351,0.722,0.253,0.824,-0.00503,bma_jpn
角中　勝也,ロッテ,155,0.704,0.3278,0.731,0.707,0.541,0.912,0.443,1.014,0.01175,bma_jpn
太田　光,楽天,244,0.597,0.2741,0.606,0.598,0.416,0.787,0.318,0.889,0.00398,bma_jpn
大和,DeNA,152,0.579,,,0.579,,,,,,marcel_only
宇佐見　真吾,中日,128,0.662,0.2968,0.659,0.664,0.469,0.84,0.371,0.942,-0.00118,bma_jpn
ペイトン,西武,225,0.624,,,0.624,,,,,,marcel_only
蛭間　拓哉,西武,148,0.602,0.2757,0.61,0.599,0.42,0.791,0.322,0.893,0.00349,bma_jpn
加藤　豪将,日本ハム,131,0.615,,,0.615,,,,,,marcel_only
伊藤　裕季也,楽天,150,0.654,0.2863,0.635,0.64,0.444,0.816,0.347,0.917,-0.00826,bma_jpn
田村　龍弘,ロッテ,125,0.555,0.2605,0.575,0.564,0.384,0.755,0.287,0.857,0.0084,bma_jpn
友杉　篤輝,ロッテ,316,0.576,0.2654,0.586,0.597,0.396,0.767,0.298,0.869,0.00434,bma_jpn
渡部　健人,西武,111,0.629,,,0.629,,,,,,marcel_only
塩見　泰隆,ヤクルト,154,0.725,,,0.725,,,,,,marcel_only
川瀬　晃,ソフトバンク,197,0.649,0.288,0.639,0.638,0.448,0.819,0.351,0.921,-0.00445,bma_jpn
五十幡　亮汰,日本ハム,222,0.594,0.26,0.573,0.595,0.383,0.754,0.285,0.856,-0.0088,bma_jpn
荻野　貴司,ロッテ,209,0.617,,,0.617,,,,,,marcel_only
山本　祐大,DeNA,328,0.697,0.3173,0.707,0.69,0.517,0.888,0.419,0.99,0.0043,bma_jpn
長谷川　信哉,西武,317,0.624,0.2901,0.644,0.639,0.453,0.824,0.356,0.926,0.00843,bma_jpn
岸　潤一郎,西武,166,0.604,0.292,0.648,0.612,0.458,0.829,0.36,0.931,0.0189,bma_jpn
奈良間　大己,日本ハム,142,0.601,0.2516,0.554,0.597,0.364,0.735,0.266,0.836,-0.0202,bma_jpn
栗山　巧,西武,109,0.622,,,0.622,,,,,,marcel_only
茶谷　健太,ロッテ,89,0.617,0.2728,0.603,0.627,0.413,0.784,0.315,0.886,-0.00583,bma_jpn
セデーニョ,西武,259,0.699,0.3225,0.719,0.701,0.529,0.9,0.431,1.002,0.0086,bma_jpn
郡司　裕也,日本ハム,388,0.724,0.3168,0.706,0.719,0.515,0.887,0.418,0.988,-0.00781,bma_jpn
大田　泰示,DeNA,186,0.632,,,0.632,,,,,,marcel_only
戸柱　恭孝,DeNA,119,0.628,0.2883,0.639,0.622,0.449,0.82,0.351,0.922,0.00487,bma_jpn
武岡　龍世,ヤクルト,143,0.59,0.2731,0.604,0.603,0.414,0.785,0.316,0.886,0.00598,bma_jpn
江越　大賀,日本ハム,81,0.612,,,0.612,,,,,,marcel_only
楠本　泰史,阪神,61,0.602,,,0.602,,,,,,marcel_only
長野　久義,巨人,87,0.63,,,0.63,,,,,,marcel_only
伊藤　光,DeNA,79,0.584,,,0.584,,,,,,marcel_only
並木　秀尊,ヤクルト,113,0.656,0.3015,0.67,0.666,0.48,0.851,0.382,0.953,0.00606,bma_jpn
高橋　周平,中日,148,0.611,0.2706,0.598,0.607,0.408,0.779,0.31,0.881,-0.00549,bma_jpn
カリステ,中日,254,0.618,0.2728,0.603,0.606,0.413,0.784,0.315,0.886,-0.00626,bma_jpn
平沢　大河,西武,74,0.614,,,0.614,,,,,,marcel_only
宜保　翔,オリックス,77,0.664,,,0.664,,,,,,marcel_only
松山　竜平,広島,65,0.592,,,0.592,,,,,,marcel_only
林　琢真,DeNA,197,0.607,0.2714,0.6,0.605,0.41,0.781,0.312,0.882,-0.00301,bma_jpn
山崎　晃大朗,ヤクルト,88,0.599,,,0.599,,,,,,marcel_only
中山　礼都,巨人,183,0.693,0.3133,0.698,0.684,0.507,0.878,0.41,0.98,0.00196,bma_jpn
ブロッソー,ロッテ,147,0.613,,,0.613,,,,,,marcel_only
矢野　雅哉,広島,341,0.61,0.2744,0.607,0.613,0.417,0.788,0.319,0.89,-0.00129,bma_jpn
末包　昇大,広島,337,0.683,0.304,0.676,0.675,0.486,0.857,0.388,0.959,-0.00295,bma_jpn
炭谷　銀仁朗,西武,107,0.563,0.2507,0.552,0.555,0.362,0.733,0.264,0.834,-0.00475,bma_jpn
ミエセス,阪神,72,0.645,,,0.645,,,,,,marcel_only
西野　真弘,オリックス,244,0.678,0.3127,0.696,0.691,0.506,0.877,0.408,0.979,0.0079,bma_jpn
柘植　世那,西武,56,0.574,,,0.574,,,,,,marcel_only
會澤　翼,広島,109,0.534,,,0.534,,,,,,marcel_only
児玉　亮涼,西武,74,0.608,0.2839,0.629,0.613,0.439,0.81,0.341,0.912,0.00914,bma_jpn
安田　悠馬,楽天,128,0.668,,,0.668,,,,,,marcel_only
オコエ　瑠偉,巨人,142,0.655,0.2875,0.638,0.643,0.447,0.818,0.349,0.92,-0.00749,bma_jpn
アルカンタラ,日本ハム,125,0.644,,,0.644,,,,,,marcel_only
宮本　丈,ヤクルト,130,0.643,0.2809,0.622,0.623,0.432,0.803,0.334,0.905,-0.00893,bma_jpn
島田　海吏,阪神,76,0.586,0.2965,0.658,0.612,0.468,0.839,0.37,0.941,0.03111,bma_jpn
ウォーカー,ソフトバンク,89,0.637,,,0.637,,,,,,marcel_only
石川　慎吾,ロッテ,76,0.621,0.2902,0.644,0.617,0.453,0.825,0.356,0.926,0.00983,bma_jpn
池田　来翔,ロッテ,149,0.646,0.2919,0.648,0.643,0.457,0.829,0.36,0.93,0.0008,bma_jpn
福田　周平,オリックス,142,0.581,0.2762,0.611,0.592,0.421,0.792,0.323,0.894,0.01303,bma_jpn
和田　康士朗,ロッテ,56,0.645,,,0.645,,,,,,marcel_only
細川　凌平,日本ハム,57,0.63,,,0.63,,,,,,marcel_only
平沼　翔太,西武,144,0.616,0.2782,0.616,0.598,0.425,0.797,0.328,0.898,-6e-05,bma_jpn
西川　愛也,西武,369,0.671,0.3024,0.672,0.682,0.482,0.853,0.384,0.955,0.00056,bma_jpn
矢澤　宏太,日本ハム,109,0.627,,,0.627,,,,,,marcel_only
前川　右京,阪神,234,0.687,0.3108,0.692,0.67,0.501,0.873,0.404,0.974,0.00204,bma_jpn
丸山　和郁,ヤクルト,140,0.603,0.2702,0.597,0.605,0.407,0.778,0.309,0.88,-0.00242,bma_jpn
井上　晴哉,ロッテ,106,0.616,,,0.616,,,,,,marcel_only
川端　慎吾,ヤクルト,47,0.642,,,0.642,,,,,,marcel_only
廣岡　大志,オリックス,254,0.646,0.2853,0.633,0.629,0.442,0.813,0.345,0.915,-0.00577,bma_jpn
石井　一成,日本ハム,250,0.656,0.2838,0.629,0.639,0.439,0.81,0.341,0.911,-0.01162,bma_jpn
上林　誠知,中日,274,0.675,0.2983,0.663,0.674,0.472,0.844,0.375,0.945,-0.00528,bma_jpn
ハンソン,日本ハム,96,0.621,,,0.621,,,,,,marcel_only
野村　勇,ソフトバンク,212,0.678,0.2838,0.629,0.667,0.438,0.81,0.341,0.911,-0.02108,bma_jpn
鵜飼　航丞,中日,55,0.584,0.2636,0.582,0.574,0.391,0.763,0.294,0.864,-0.00094,bma_jpn
若林　楽人,巨人,146,0.64,0.2891,0.641,0.647,0.451,0.822,0.353,0.924,0.00053,bma_jpn
呉　念庭,西武,92,0.647,,,0.647,,,,,,marcel_only
金子　侑司,西武,120,0.585,,,0.585,,,,,,marcel_only
小幡　竜平,阪神,192,0.635,0.2843,0.63,0.639,0.44,0.811,0.342,0.913,-0.00213,bma_jpn
谷内　亮太,日本ハム,88,0.613,,,0.613,,,,,,marcel_only
西川　遥輝,ヤクルト,199,0.619,0.2786,0.617,0.626,0.426,0.798,0.329,0.899,-0.00096,bma_jpn
渡邉　諒,阪神,77,0.637,,,0.637,,,,,,marcel_only
糸原　健斗,阪神,95,0.586,0.2649,0.585,0.59,0.394,0.766,0.297,0.867,-0.00049,bma_jpn
小野寺　暖,阪神,43,0.664,0.2802,0.621,0.653,0.43,0.801,0.332,0.903,-0.01865,bma_jpn
野村　大樹,西武,104,0.66,0.2983,0.663,0.654,0.472,0.844,0.375,0.945,0.00115,bma_jpn
古賀　優大,ヤクルト,212,0.676,0.3096,0.689,0.668,0.499,0.87,0.401,0.972,0.00564,bma_jpn
石橋　康太,中日,34,0.665,,,0.665,,,,,,marcel_only
増田　珠,ヤクルト,108,0.641,0.2925,0.649,0.639,0.459,0.83,0.361,0.932,0.00349,bma_jpn
岸田　行倫,巨人,242,0.69,0.3061,0.681,0.688,0.49,0.862,0.393,0.963,-0.0039,bma_jpn
大盛　穂,広島,102,0.642,0.2761,0.611,0.632,0.421,0.792,0.323,0.894,-0.01326,bma_jpn
シュウィンデル,オリックス,70,0.623,,,0.623,,,,,,marcel_only
太田　椋,オリックス,347,0.723,0.3134,0.698,0.708,0.508,0.879,0.41,0.98,-0.01075,bma_jpn
今川　優馬,日本ハム,47,0.646,0.2831,0.627,0.652,0.437,0.808,0.339,0.91,-0.00803,bma_jpn
小田　裕也,オリックス,38,0.658,,,0.658,,,,,,marcel_only
ブライト　健太,中日,99,0.704,0.3011,0.669,0.693,0.479,0.85,0.381,0.952,-0.0149,bma_jpn
安達　了一,オリックス,54,0.594,,,0.594,,,,,,marcel_only
アキーノ,中日,68,0.627,,,0.627,,,,,,marcel_only
柴田　竜拓,DeNA,41,0.602,0.2902,0.644,0.617,0.453,0.825,0.356,0.926,0.01797,bma_jpn
リチャード,ソフトバンク,132,0.639,0.2835,0.628,0.654,0.438,0.809,0.34,0.911,-0.00463,bma_jpn
福田　光輝,日本ハム,35,0.664,,,0.664,,,,,,marcel_only
水野　達稀,日本ハム,274,0.67,0.2964,0.658,0.682,0.468,0.839,0.37,0.941,-0.00505,bma_jpn
林　晃汰,広島,57,0.626,0.2715,0.6,0.613,0.41,0.781,0.312,0.883,-0.01108,bma_jpn
山川　穂高,ソフトバンク,426,0.716,0.3171,0.707,0.715,0.516,0.887,0.419,0.989,-0.00401,bma_jpn
清水　優心,日本ハム,34,0.644,,,0.644,,,,,,marcel_only
重信　慎之介,巨人,22,0.606,,,0.606,,,,,,marcel_only
渡邊　佳明,楽天,135,0.614,,,0.614,,,,,,marcel_only
原口　文仁,阪神,43,0.621,,,0.621,,,,,,marcel_only
古市　尊,西武,24,0.655,,,0.655,,,,,,marcel_only
韮澤　雄也,広島,32,0.633,,,0.633,,,,,,marcel_only
アルモンテ,中日,54,0.621,,,0.621,,,,,,marcel_only
オースティン,DeNA,264,0.831,0.3621,0.811,0.817,0.621,0.992,0.523,1.094,-0.00838,bma_jpn
梶原　昂希,DeNA,201,0.674,0.2856,0.633,0.63,0.443,0.814,0.345,0.916,-0.01753,bma_jpn
神里　和毅,DeNA,33,0.628,,,0.628,,,,,,marcel_only
羽月　隆太郎,広島,71,0.667,0.2775,0.614,0.647,0.424,0.795,0.326,0.897,-0.02261,bma_jpn
渡部　遼人,オリックス,46,0.623,,,0.623,,,,,,marcel_only
岡田　悠希,巨人,24,0.634,,,0.634,,,,,,marcel_only
大城　滉二,オリックス,52,0.635,0.2704,0.598,0.62,0.407,0.779,0.31,0.88,-0.01601,bma_jpn
後藤　駿太,中日,42,0.603,,,0.603,,,,,,marcel_only
蝦名　達夫,DeNA,264,0.712,0.3137,0.699,0.707,0.508,0.88,0.411,0.981,-0.00569,bma_jpn
アストゥディーヨ,ソフトバンク,50,0.626,,,0.626,,,,,,marcel_only
デスパイネ,ソフトバンク,49,0.593,,,0.593,,,,,,marcel_only
古川　裕大,日本ハム,22,0.649,,,0.649,,,,,,marcel_only
谷川原　健太,ソフトバンク,48,0.706,0.3044,0.677,0.705,0.487,0.858,0.389,0.959,-0.01247,bma_jpn
山田　遥楓,楽天,35,0.65,,,0.65,,,,,,marcel_only
溝脇　隼人,中日,45,0.639,,,0.639,,,,,,marcel_only
加藤　翔平,中日,45,0.631,,,0.631,,,,,,marcel_only
王　柏融,日本ハム,45,0.655,,,0.655,,,,,,marcel_only
山野辺　翔,西武,51,0.614,,,0.614,,,,,,marcel_only
元山　飛優,西武,76,0.555,0.266,0.587,0.566,0.397,0.768,0.299,0.87,0.01393,bma_jpn
太田　賢吾,ヤクルト,82,0.604,0.2685,0.593,0.601,0.403,0.774,0.305,0.876,-0.00462,bma_jpn
Ｔ－岡田,オリックス,23,0.605,,,0.605,,,,,,marcel_only
田中　和基,楽天,29,0.579,,,0.579,,,,,,marcel_only
浅野　翔吾,巨人,98,0.675,0.3103,0.691,0.671,0.5,0.871,0.403,0.973,0.0067,bma_jpn
井上　朋也,ソフトバンク,24,0.636,,,0.636,,,,,,marcel_only
嶺井　博希,ソフトバンク,79,0.631,0.2871,0.637,0.63,0.446,0.817,0.348,0.919,0.00238,bma_jpn
知野　直人,DeNA,25,0.667,,,0.667,,,,,,marcel_only
池田　陵真,オリックス,30,0.656,,,0.656,,,,,,marcel_only
佐野　皓大,オリックス,17,0.64,,,0.64,,,,,,marcel_only
北村　拓己,ヤクルト,81,0.597,0.2736,0.605,0.61,0.415,0.786,0.317,0.888,0.00353,bma_jpn
柿沼　友哉,ロッテ,18,0.621,,,0.621,,,,,,marcel_only
淺間　大基,日本ハム,96,0.645,,,0.645,,,,,,marcel_only
川越　誠司,中日,52,0.637,0.2784,0.616,0.632,0.426,0.797,0.328,0.899,-0.00884,bma_jpn
澤井　廉,ヤクルト,50,0.617,,,0.617,,,,,,marcel_only
中村　貴浩,広島,30,0.641,,,0.641,,,,,,marcel_only
井上　広大,阪神,29,0.672,,,0.672,,,,,,marcel_only
ガルビス,ソフトバンク,34,0.618,,,0.618,,,,,,marcel_only
磯村　嘉孝,広島,14,0.616,,,0.616,,,,,,marcel_only
中島　卓也,日本ハム,34,0.632,0.2498,0.55,0.606,0.359,0.73,0.262,0.832,-0.03535,bma_jpn
佐藤　直樹,ソフトバンク,127,0.656,0.2722,0.602,0.646,0.412,0.783,0.314,0.885,-0.02316,bma_jpn
田宮　裕涼,日本ハム,238,0.684,0.3077,0.685,0.681,0.494,0.866,0.397,0.967,0.00029,bma_jpn
正木　智也,ソフトバンク,129,0.69,0.3087,0.687,0.697,0.497,0.868,0.399,0.969,-0.00132,bma_jpn
大下　誠一郎,ロッテ,25,0.655,,,0.655,,,,,,marcel_only
陽川　尚将,西武,31,0.615,,,0.615,,,,,,marcel_only
山足　達也,広島,19,0.62,,,0.62,,,,,,marcel_only
赤羽　由紘,ヤクルト,149,0.612,0.2735,0.605,0.609,0.414,0.786,0.317,0.887,-0.00306,bma_jpn
石垣　雅海,ロッテ,18,0.636,,,0.636,,,,,,marcel_only
福田　永将,中日,26,0.64,,,0.64,,,,,,marcel_only
小川　龍成,ロッテ,194,0.611,0.2717,0.601,0.608,0.41,0.782,0.313,0.883,-0.00439,bma_jpn
藤田　一也,DeNA,24,0.624,,,0.624,,,,,,marcel_only
黒川　史陽,楽天,169,0.709,0.3092,0.688,0.701,0.498,0.869,0.4,0.971,-0.00891,bma_jpn
北村　恵吾,ヤクルト,97,0.734,0.3308,0.738,0.747,0.548,0.919,0.45,1.021,0.00189,bma_jpn
伊藤　康祐,中日,22,0.656,,,0.656,,,,,,marcel_only
田村　俊介,広島,70,0.654,0.2878,0.638,0.657,0.448,0.819,0.35,0.921,-0.00677,bma_jpn
三ツ俣　大樹,ヤクルト,21,0.64,,,0.64,,,,,,marcel_only
生海,ソフトバンク,21,0.666,,,0.666,,,,,,marcel_only
中村　奨成,広島,182,0.692,0.3114,0.693,0.698,0.503,0.874,0.405,0.976,0.00055,bma_jpn
中島　宏之,中日,17,0.596,,,0.596,,,,,,marcel_only
高木　渉,西武,13,0.646,,,0.646,,,,,,marcel_only
若林　晃弘,日本ハム,11,0.633,,,0.633,,,,,,marcel_only
松川　虎生,ロッテ,10,0.656,,,0.656,,,,,,marcel_only
三好　大倫,中日,59,0.636,,,0.636,,,,,,marcel_only
滝澤　夏央,西武,232,0.586,,,0.586,,,,,,marcel_only
松田　宣浩,巨人,17,0.605,,,0.605,,,,,,marcel_only
板山　祐太郎,中日,149,0.599,0.2652,0.586,0.598,0.395,0.766,0.297,0.868,-0.00579,bma_jpn
萩尾　匡也,巨人,69,0.628,,,0.628,,,,,,marcel_only
曽根　海成,広島,15,0.653,,,0.653,,,,,,marcel_only
茂木　栄五郎,ヤクルト,100,0.664,0.2847,0.631,0.658,0.441,0.812,0.343,0.914,-0.01416,bma_jpn
郡　拓也,巨人,6,0.656,,,0.656,,,,,,marcel_only
山村　崇嘉,西武,174,0.651,0.2954,0.656,0.656,0.465,0.837,0.368,0.938,0.0021,bma_jpn
森　敬斗,DeNA,101,0.613,0.2855,0.633,0.619,0.443,0.814,0.345,0.915,0.00857,bma_jpn
増田　大輝,巨人,26,0.616,,,0.616,,,,,,marcel_only
松原　聖弥,西武,37,0.589,,,0.589,,,,,,marcel_only
長坂　拳弥,阪神,5,0.642,,,0.642,,,,,,marcel_only
西浦　直亨,DeNA,15,0.646,,,0.646,,,,,,marcel_only
石川　亮,オリックス,6,0.644,,,0.644,,,,,,marcel_only
菅野　剛士,ロッテ,11,0.646,,,0.646,,,,,,marcel_only
来田　涼斗,オリックス,122,0.635,0.2731,0.604,0.627,0.414,0.785,0.316,0.887,-0.01327,bma_jpn
堂上　直倫,中日,10,0.641,,,0.641,,,,,,marcel_only
銀次,楽天,10,0.627,,,0.627,,,,,,marcel_only
江村　直也,ロッテ,10,0.637,,,0.637,,,,,,marcel_only
ホーキンス,ソフトバンク,10,0.64,,,0.64,,,,,,marcel_only
熊谷　敬宥,阪神,76,0.61,0.2748,0.608,0.611,0.417,0.789,0.32,0.89,-0.0009,bma_jpn
小林　誠司,巨人,54,0.563,,,0.563,,,,,,marcel_only
福田　秀平,ロッテ,9,0.64,,,0.64,,,,,,marcel_only
加藤　匠馬,中日,78,0.563,0.2487,0.547,0.565,0.357,0.728,0.259,0.83,-0.00678,bma_jpn
西田　明央,ヤクルト,17,0.623,,,0.623,,,,,,marcel_only
アンバギー,DeNA,8,0.651,,,0.651,,,,,,marcel_only
味谷　大誠,中日,5,0.67,,,0.67,,,,,,marcel_only
山瀬　慎之助,巨人,5,0.672,,,0.672,,,,,,marcel_only
山本　大斗,ロッテ,182,0.633,0.2808,0.622,0.637,0.432,0.803,0.334,0.904,-0.00473,bma_jpn
梅林　優貴,日本ハム,5,0.65,,,0.65,,,,,,marcel_only
菊田　拡和,巨人,6,0.673,,,0.673,,,,,,marcel_only
松本　直樹,ヤクルト,64,0.619,0.2855,0.633,0.626,0.442,0.814,0.345,0.915,0.00594,bma_jpn
和田　恋,楽天,6,0.658,,,0.658,,,,,,marcel_only
平野　大和,オリックス,5,0.677,,,0.677,,,,,,marcel_only
奥村　展征,ヤクルト,5,0.669,,,0.669,,,,,,marcel_only
杉澤　龍,オリックス,15,0.629,,,0.629,,,,,,marcel_only
有薗　直輝,日本ハム,24,0.668,,,0.668,,,,,,marcel_only
西巻　賢二,DeNA,4,0.668,,,0.668,,,,,,marcel_only
榮枝　裕貴,阪神,7,0.664,,,0.664,,,,,,marcel_only
植田　海,阪神,12,0.639,,,0.639,,,,,,marcel_only
樋口　正修,中日,12,0.624,,,0.624,,,,,,marcel_only
植田　将太,ロッテ,4,0.658,,,0.658,,,,,,marcel_only
堀内　謙伍,楽天,84,0.662,0.291,0.646,0.654,0.455,0.827,0.358,0.928,-0.00694,bma_jpn
海野　隆司,ソフトバンク,158,0.582,0.2515,0.554,0.569,0.363,0.735,0.266,0.836,-0.01215,bma_jpn
山浅　龍之介,中日,2,0.686,,,0.686,,,,,,marcel_only
大里　昂生,オリックス,101,0.645,0.2938,0.652,0.648,0.462,0.833,0.364,0.935,0.00307,bma_jpn
福永　奨,オリックス,39,0.616,0.2765,0.612,0.612,0.421,0.793,0.324,0.894,-0.00178,bma_jpn
荒木　貴裕,ヤクルト,2,0.635,,,0.635,,,,,,marcel_only
木村　文紀,日本ハム,2,0.646,,,0.646,,,,,,marcel_only
渡邉　大樹,オリックス,2,0.665,,,0.665,,,,,,marcel_only
正隨　優弥,楽天,2,0.665,,,0.665,,,,,,marcel_only
髙松　渡,西武,10,0.622,,,0.622,,,,,,marcel_only
川原田　純平,ソフトバンク,1,0.682,,,0.682,,,,,,marcel_only
大野　奨太,中日,1,0.634,,,0.634,,,,,,marcel_only
西村　瑠伊斗,ヤクルト,7,0.667,,,0.667,,,,,,marcel_only
吉田　賢吾,日本ハム,56,0.66,0.3033,0.674,0.66,0.484,0.855,0.386,0.957,0.00616,bma_jpn
レイエス,日本ハム,459,0.828,0.3615,0.81,0.828,0.619,0.991,0.522,1.092,-0.00778,bma_jpn
水谷　瞬,日本ハム,335,0.765,0.3302,0.737,0.753,0.547,0.918,0.449,1.02,-0.01198,bma_jpn
田中　幹也,中日,355,0.636,0.2907,0.645,0.64,0.455,0.826,0.357,0.928,0.00391,bma_jpn
髙部　瑛斗,ロッテ,341,0.7,,,0.7,,,,,,marcel_only
度会　隆輝,DeNA,288,0.673,0.3099,0.69,0.675,0.499,0.871,0.402,0.972,0.00724,bma_jpn
ヘルナンデス,阪神,202,0.689,0.3144,0.7,0.691,0.51,0.881,0.412,0.983,0.00481,bma_jpn
泉口　友汰,巨人,401,0.71,0.3176,0.708,0.721,0.517,0.889,0.42,0.99,-0.00097,bma_jpn
山本　泰寛,中日,286,0.606,0.2745,0.607,0.6,0.417,0.788,0.319,0.89,0.00058,bma_jpn
石原　彪,楽天,98,0.589,0.2717,0.601,0.599,0.41,0.782,0.313,0.883,0.00507,bma_jpn
筒香　嘉智,DeNA,217,0.74,0.3346,0.747,0.761,0.557,0.928,0.459,1.03,0.00314,bma_jpn
モンテス,巨人,159,0.677,,,0.677,,,,,,marcel_only
佐々木　俊輔,巨人,159,0.625,0.2731,0.604,0.622,0.414,0.785,0.316,0.887,-0.00895,bma_jpn
川村　友斗,ソフトバンク,67,0.682,,,0.682,,,,,,marcel_only
岩田　幸宏,ヤクルト,285,0.636,0.2886,0.64,0.641,0.45,0.821,0.352,0.923,0.00176,bma_jpn
石原　貴規,広島,126,0.614,0.2734,0.605,0.614,0.414,0.786,0.317,0.887,-0.00395,bma_jpn
中島　大輔,楽天,330,0.659,0.2956,0.656,0.647,0.466,0.837,0.368,0.939,-0.00108,bma_jpn
アギラー,西武,124,0.621,,,0.621,,,,,,marcel_only
二俣　翔一,広島,126,0.623,0.2834,0.628,0.633,0.438,0.809,0.34,0.91,0.00213,bma_jpn
廣瀨　隆太,ソフトバンク,102,0.646,0.2764,0.612,0.634,0.421,0.793,0.324,0.894,-0.01468,bma_jpn
ディカーソン,中日,102,0.648,,,0.648,,,,,,marcel_only
立岡　宗一郎,巨人,99,0.611,,,0.611,,,,,,marcel_only
奥村　光一,西武,84,0.621,,,0.621,,,,,,marcel_only
石上　泰輝,DeNA,123,0.655,0.2809,0.622,0.635,0.432,0.803,0.334,0.905,-0.0141,bma_jpn
宇草　孔基,広島,75,0.678,,,0.678,,,,,,marcel_only
コルデロ,西武,73,0.607,,,0.607,,,,,,marcel_only
ガルシア,西武,69,0.622,,,0.622,,,,,,marcel_only
上田　希由翔,ロッテ,131,0.653,0.296,0.657,0.65,0.467,0.838,0.369,0.94,0.00191,bma_jpn
スティーブンソン,日本ハム,63,0.608,,,0.608,,,,,,marcel_only
緒方　理貢,ソフトバンク,71,0.618,0.2841,0.63,0.616,0.439,0.811,0.342,0.912,0.00503,bma_jpn
野口　恭佑,阪神,61,0.644,,,0.644,,,,,,marcel_only
ロドリゲス,中日,45,0.583,0.2392,0.525,0.565,0.335,0.706,0.237,0.808,-0.02488,bma_jpn
井上　絢登,DeNA,39,0.653,0.3115,0.693,0.67,0.503,0.874,0.405,0.976,0.01735,bma_jpn
松尾　汐恩,DeNA,124,0.67,0.312,0.695,0.67,0.504,0.876,0.407,0.977,0.0106,bma_jpn
石塚　綜一郎,ソフトバンク,51,0.666,0.2836,0.629,0.652,0.438,0.809,0.341,0.911,-0.01606,bma_jpn
横山　聖哉,オリックス,19,0.648,,,0.648,,,,,,marcel_only
シャイナー,広島,31,0.64,,,0.64,,,,,,marcel_only
ダウンズ,ソフトバンク,105,0.704,0.3221,0.718,0.723,0.528,0.899,0.43,1.001,0.00614,bma_jpn
平良　竜哉,楽天,24,0.649,,,0.649,,,,,,marcel_only
中村　健人,広島,16,0.632,,,0.632,,,,,,marcel_only
フォード,DeNA,38,0.622,0.2715,0.6,0.614,0.41,0.781,0.312,0.883,-0.00931,bma_jpn
内藤　鵬,オリックス,21,0.665,,,0.665,,,,,,marcel_only
笹川　吉康,ソフトバンク,44,0.651,0.2895,0.642,0.638,0.452,0.823,0.354,0.925,-0.00378,bma_jpn
辻本　倫太郎,中日,40,0.604,0.2887,0.64,0.616,0.45,0.821,0.352,0.923,0.01563,bma_jpn
牧野　翔矢,西武,46,0.612,0.2578,0.568,0.597,0.378,0.749,0.28,0.851,-0.01875,bma_jpn
豊田　寛,阪神,42,0.643,0.278,0.615,0.629,0.425,0.796,0.327,0.898,-0.01184,bma_jpn
久保　修,広島,16,0.644,,,0.644,,,,,,marcel_only
トーマス,オリックス,18,0.622,,,0.622,,,,,,marcel_only
ブランドン,西武,18,0.618,,,0.618,,,,,,marcel_only
佐藤　啓介,広島,16,0.638,,,0.638,,,,,,marcel_only
仲田　慶介,西武,60,0.631,,,0.631,,,,,,marcel_only
入江　大樹,楽天,12,0.675,,,0.675,,,,,,marcel_only
村田　怜音,西武,53,0.643,0.2726,0.603,0.63,0.412,0.784,0.315,0.885,-0.0172,bma_jpn
尾田　剛樹,中日,8,0.639,,,0.639,,,,,,marcel_only
田中　貴也,楽天,8,0.645,,,0.645,,,,,,marcel_only
ウレーニャ,巨人,8,0.661,,,0.661,,,,,,marcel_only
元　謙太,オリックス,9,0.666,,,0.666,,,,,,marcel_only
湯浅　大,巨人,5,0.659,,,0.659,,,,,,marcel_only
寺地　隆成,ロッテ,250,0.668,0.3011,0.669,0.653,0.479,0.85,0.381,0.952,0.00051,bma_jpn
宮崎　一樹,日本ハム,6,0.674,,,0.674,,,,,,marcel_only
増田　陸,巨人,162,0.637,0.2841,0.63,0.63,0.439,0.811,0.342,0.912,-0.00313,bma_jpn
レイノルズ,広島,6,0.638,,,0.638,,,,,,marcel_only
武藤　敦貴,楽天,74,0.645,0.2851,0.632,0.638,0.442,0.813,0.344,0.915,-0.00557,bma_jpn
小森　航大郎,楽天,47,0.631,0.2814,0.623,0.622,0.433,0.804,0.335,0.906,-0.00327,bma_jpn
鈴木　叶,ヤクルト,5,0.697,,,0.697,,,,,,marcel_only
仲田　侑仁,広島,4,0.69,,,0.69,,,,,,marcel_only
進藤　勇也,日本ハム,19,0.624,0.2966,0.659,0.631,0.468,0.84,0.371,0.941,0.01492,bma_jpn
辰見　鴻之介,楽天,3,0.671,,,0.671,,,,,,marcel_only
内田　湘大,広島,7,0.688,,,0.688,,,,,,marcel_only
東妻　純平,DeNA,4,0.678,,,0.678,,,,,,marcel_only
伊藤　琉偉,ヤクルト,114,0.636,0.2791,0.618,0.615,0.428,0.799,0.33,0.901,-0.0077,bma_jpn
岡田　雅利,西武,1,0.652,,,0.652,,,,,,marcel_only
橋本　星哉,ヤクルト,10,0.651,,,0.651,,,,,,marcel_only
喜多　隆介,巨人,1,0.669,,,0.669,,,,,,marcel_only
ファビアン,広島,572,0.722,0.3304,0.737,0.742,0.547,0.918,0.449,1.02,0.00663,bma_jpn
ネビン,西武,570,0.759,0.3479,0.778,0.777,0.588,0.959,0.49,1.061,0.00825,bma_jpn
ボスラー,中日,493,0.708,0.3107,0.692,0.703,0.501,0.872,0.404,0.974,-0.00705,bma_jpn
キャベッジ,巨人,476,0.745,0.3194,0.712,0.732,0.521,0.893,0.424,0.994,-0.01422,bma_jpn
宗山　塁,楽天,460,0.66,0.2936,0.652,0.636,0.461,0.833,0.364,0.934,-0.00357,bma_jpn
渡部　聖弥,西武,452,0.702,0.3121,0.695,0.7,0.505,0.876,0.407,0.978,-0.003,bma_jpn
西川　史礁,ロッテ,444,0.705,0.3074,0.684,0.67,0.493,0.865,0.396,0.966,-0.00908,bma_jpn
モンテロ,広島,396,0.688,0.3097,0.689,0.701,0.499,0.87,0.401,0.972,0.00058,bma_jpn
ボイト,楽天,276,0.763,0.3214,0.716,0.756,0.526,0.897,0.428,0.999,-0.01996,bma_jpn
石伊　雄太,中日,270,0.627,,,0.627,,,,,,marcel_only
山縣　秀,日本ハム,198,0.636,0.2896,0.643,0.626,0.452,0.823,0.354,0.925,0.00279,bma_jpn
佐々木　泰,広島,187,0.649,0.2932,0.651,0.633,0.461,0.832,0.363,0.933,0.00084,bma_jpn
髙寺　望夢,阪神,160,0.67,,,0.67,,,,,,marcel_only
麦谷　祐介,オリックス,153,0.669,0.2893,0.642,0.657,0.451,0.823,0.354,0.924,-0.01164,bma_jpn
ディアス,オリックス,138,0.65,0.2982,0.662,0.657,0.472,0.843,0.374,0.945,0.00535,bma_jpn
デービス,西武,131,0.642,0.2925,0.649,0.643,0.459,0.83,0.361,0.932,0.00315,bma_jpn
チェイビス,中日,120,0.647,0.2981,0.662,0.656,0.472,0.843,0.374,0.945,0.00656,bma_jpn
宮崎　竜成,ロッテ,110,0.617,0.2701,0.597,0.606,0.407,0.778,0.309,0.88,-0.00858,bma_jpn
山本　恵大,ソフトバンク,80,0.665,0.2991,0.665,0.666,0.474,0.845,0.377,0.947,-0.00017,bma_jpn
荒巻　悠,巨人,61,0.7,0.2983,0.663,0.68,0.472,0.844,0.375,0.945,-0.016,bma_jpn
浦田　俊輔,巨人,60,0.652,0.3038,0.676,0.657,0.485,0.856,0.388,0.958,0.01013,bma_jpn
中川　勇斗,阪神,59,0.691,0.2951,0.655,0.675,0.465,0.836,0.367,0.938,-0.01532,bma_jpn
前川　誠太,広島,56,0.647,0.2984,0.663,0.655,0.473,0.844,0.375,0.945,0.00685,bma_jpn
土田　龍空,中日,53,0.626,0.2829,0.627,0.622,0.436,0.808,0.339,0.909,0.00037,bma_jpn
山中　稜真,オリックス,52,0.634,0.3057,0.68,0.65,0.489,0.861,0.392,0.962,0.01969,bma_jpn
渡邉　陸,ソフトバンク,51,0.663,0.2752,0.609,0.631,0.419,0.79,0.321,0.892,-0.02318,bma_jpn
オリバレス,オリックス,35,0.634,0.2895,0.642,0.644,0.452,0.823,0.354,0.925,0.00351,bma_jpn
佐藤　太陽,西武,34,0.664,0.3044,0.677,0.666,0.487,0.858,0.389,0.96,0.00559,bma_jpn
笹原　操希,巨人,22,0.654,,,0.654,,,,,,marcel_only
森　駿太,中日,22,0.688,,,0.688,,,,,,marcel_only
庄子　雄大,ソフトバンク,18,0.685,,,0.685,,,,,,marcel_only
駿太,中日,18,0.64,,,0.64,,,,,,marcel_only
加藤　響,DeNA,18,0.665,,,0.665,,,,,,marcel_only
井坪　陽生,阪神,18,0.666,,,0.666,,,,,,marcel_only
古川　雄大,西武,16,0.673,,,0.673,,,,,,marcel_only
清水　叶人,広島,14,0.677,,,0.677,,,,,,marcel_only
田中　陽翔,ヤクルト,13,0.701,,,0.701,,,,,,marcel_only
吉野　創士,楽天,13,0.676,,,0.676,,,,,,marcel_only
九鬼　隆平,DeNA,12,0.672,,,0.672,,,,,,marcel_only
三塚　琉生,巨人,12,0.658,,,0.658,,,,,,marcel_only
アセベド,ロッテ,12,0.685,,,0.685,,,,,,marcel_only
齋藤　大翔,西武,12,0.676,,,0.676,,,,,,marcel_only
モンテル,西武,11,0.653,,,0.653,,,,,,marcel_only
仲三河　優太,西武,10,0.683,,,0.683,,,,,,marcel_only
石塚　裕惺,巨人,9,0.68,,,0.68,,,,,,marcel_only
勝又　温史,DeNA,9,0.678,,,0.678,,,,,,marcel_only
渡邉　悠斗,広島,8,0.67,,,0.67,,,,,,marcel_only
立松　由宇,ロッテ,6,0.655,,,0.655,,,,,,marcel_only
乙坂　智,巨人,5,0.655,,,0.655,,,,,,marcel_only
フルプ,巨人,5,0.658,,,0.658,,,,,,marcel_only
濱　将乃介,中日,4,0.675,,,0.675,,,,,,marcel_only
津田　啓史,中日,3,0.675,,,0.675,,,,,,marcel_only
堀　柊那,オリックス,3,0.693,,,0.693,,,,,,marcel_only
吉納　翼,楽天,3,0.675,,,0.675,,,,,,marcel_only
田内　真翔,DeNA,2,0.698,,,0.698,,,,,,marcel_only
陽　柏翔,楽天,2,0.692,,,0.692,,,,,,marcel_only
阪口　樂,日本ハム,1,0.684,,,0.684,,,,,,marcel_only
