year,date,home_team,away_team,home_score,away_score,stadium
2016,2016/03/25,巨人,ヤクルト,3,1,東京ドーム
2016,2016/03/25,阪神,中日,2,5,甲子園
2016,2016/03/25,広島,DeNA,1,2,マツダスタジアム
2016,2016/03/25,楽天,ソフトバンク,7,3,楽天モバイルパーク
2016,2016/03/25,西武,オリックス,5,4,ベルーナドーム
2016,2016/03/25,ロッテ,日本ハム,3,2,ZOZOマリン
2016,2016/03/26,巨人,ヤクルト,10,5,東京ドーム
2016,2016/03/26,阪神,中日,7,3,甲子園
2016,2016/03/26,広島,DeNA,3,1,マツダスタジアム
2016,2016/03/26,楽天,ソフトバンク,3,3,楽天モバイルパーク
2016,2016/03/26,西武,オリックス,9,5,ベルーナドーム
2016,2016/03/26,ロッテ,日本ハム,6,4,ZOZOマリン
2016,2016/03/27,巨人,ヤクルト,3,2,東京ドーム
2016,2016/03/27,阪神,中日,5,4,甲子園
2016,2016/03/27,広島,DeNA,6,3,マツダスタジアム
2016,2016/03/27,楽天,ソフトバンク,0,7,楽天モバイルパーク
2016,2016/03/27,西武,オリックス,4,5,ベルーナドーム
2016,2016/03/27,ロッテ,日本ハム,0,1,ZOZOマリン
2016,2016/03/29,ヤクルト,阪神,2,6,神宮球場
2016,2016/03/29,DeNA,巨人,2,6,横浜スタジアム
2016,2016/03/29,中日,広島,4,2,バンテリンドーム
2016,2016/03/29,日本ハム,オリックス,13,3,札幌ドーム
2016,2016/03/29,ロッテ,楽天,12,2,ZOZOマリン
2016,2016/03/29,ソフトバンク,西武,2,6,PayPayドーム
2016,2016/03/30,ヤクルト,阪神,8,4,神宮球場
2016,2016/03/30,DeNA,巨人,6,3,横浜スタジアム
2016,2016/03/30,中日,広島,3,11,バンテリンドーム
2016,2016/03/30,日本ハム,オリックス,4,5,札幌ドーム
2016,2016/03/30,ロッテ,楽天,0,5,ZOZOマリン
2016,2016/03/30,ソフトバンク,西武,5,4,PayPayドーム
2016,2016/03/31,ヤクルト,阪神,6,6,神宮球場
2016,2016/03/31,DeNA,巨人,4,6,横浜スタジアム
2016,2016/03/31,中日,広島,9,5,バンテリンドーム
2016,2016/04/01,ヤクルト,中日,4,1,神宮球場
2016,2016/04/01,DeNA,阪神,2,1,横浜スタジアム
2016,2016/04/01,広島,巨人,4,6,マツダスタジアム
2016,2016/04/01,日本ハム,ソフトバンク,4,3,札幌ドーム
2016,2016/04/01,楽天,西武,4,2,楽天モバイルパーク
2016,2016/04/01,オリックス,ロッテ,3,4,京セラドーム
2016,2016/04/02,ヤクルト,中日,7,1,神宮球場
2016,2016/04/02,DeNA,阪神,0,5,横浜スタジアム
2016,2016/04/02,広島,巨人,3,0,マツダスタジアム
2016,2016/04/02,日本ハム,ソフトバンク,3,4,札幌ドーム
2016,2016/04/02,楽天,西武,15,4,楽天モバイルパーク
2016,2016/04/02,オリックス,ロッテ,2,6,京セラドーム
2016,2016/04/03,ヤクルト,中日,2,3,神宮球場
2016,2016/04/03,DeNA,阪神,3,8,横浜スタジアム
2016,2016/04/03,広島,巨人,3,4,マツダスタジアム
2016,2016/04/03,日本ハム,ソフトバンク,4,3,札幌ドーム
2016,2016/04/03,楽天,西武,2,3,楽天モバイルパーク
2016,2016/04/03,オリックス,ロッテ,3,1,京セラドーム
2016,2016/04/05,巨人,阪神,2,8,東京ドーム
2016,2016/04/05,中日,DeNA,1,0,バンテリンドーム
2016,2016/04/05,広島,ヤクルト,12,5,マツダスタジアム
2016,2016/04/05,西武,日本ハム,10,0,ベルーナドーム
2016,2016/04/05,オリックス,楽天,0,11,京セラドーム
2016,2016/04/05,ソフトバンク,ロッテ,4,4,PayPayドーム
2016,2016/04/06,巨人,阪神,3,0,東京ドーム
2016,2016/04/06,中日,DeNA,3,0,バンテリンドーム
2016,2016/04/06,広島,ヤクルト,6,3,マツダスタジアム
2016,2016/04/06,西武,日本ハム,5,2,ベルーナドーム
2016,2016/04/06,オリックス,楽天,2,5,京セラドーム
2016,2016/04/06,ソフトバンク,ロッテ,3,4,PayPayドーム
2016,2016/04/07,巨人,阪神,1,10,東京ドーム
2016,2016/04/07,中日,DeNA,1,1,バンテリンドーム
2016,2016/04/07,ソフトバンク,ロッテ,8,17,PayPayドーム
2016,2016/04/08,DeNA,ヤクルト,2,3,横浜スタジアム
2016,2016/04/08,中日,巨人,3,2,バンテリンドーム
2016,2016/04/08,阪神,広島,3,2,甲子園
2016,2016/04/08,楽天,日本ハム,5,3,楽天モバイルパーク
2016,2016/04/08,ロッテ,西武,3,5,ZOZOマリン
2016,2016/04/09,DeNA,ヤクルト,10,5,横浜スタジアム
2016,2016/04/09,中日,巨人,0,0,バンテリンドーム
2016,2016/04/09,阪神,広島,2,6,甲子園
2016,2016/04/09,楽天,日本ハム,7,9,楽天モバイルパーク
2016,2016/04/09,ロッテ,西武,4,5,ZOZOマリン
2016,2016/04/09,ソフトバンク,オリックス,13,1,PayPayドーム
2016,2016/04/10,DeNA,ヤクルト,6,5,横浜スタジアム
2016,2016/04/10,中日,巨人,2,7,バンテリンドーム
2016,2016/04/10,阪神,広島,7,8,甲子園
2016,2016/04/10,楽天,日本ハム,1,0,楽天モバイルパーク
2016,2016/04/10,ロッテ,西武,4,2,ZOZOマリン
2016,2016/04/10,ソフトバンク,オリックス,10,0,PayPayドーム
2016,2016/04/12,ヤクルト,巨人,6,2,神宮球場
2016,2016/04/12,阪神,DeNA,4,3,甲子園
2016,2016/04/12,広島,中日,3,1,マツダスタジアム
2016,2016/04/12,楽天,ロッテ,1,7,楽天モバイルパーク
2016,2016/04/12,西武,ソフトバンク,1,4,ベルーナドーム
2016,2016/04/12,オリックス,日本ハム,0,4,京セラドーム
2016,2016/04/13,ヤクルト,巨人,0,8,神宮球場
2016,2016/04/13,楽天,ロッテ,4,5,楽天モバイルパーク
2016,2016/04/13,西武,ソフトバンク,1,5,ベルーナドーム
2016,2016/04/13,オリックス,日本ハム,4,3,京セラドーム
2016,2016/04/14,ヤクルト,巨人,6,4,神宮球場
2016,2016/04/14,阪神,DeNA,5,2,甲子園
2016,2016/04/14,広島,中日,10,1,マツダスタジアム
2016,2016/04/14,楽天,ロッテ,2,9,楽天モバイルパーク
2016,2016/04/14,オリックス,日本ハム,1,0,京セラドーム
2016,2016/04/15,中日,阪神,6,0,バンテリンドーム
2016,2016/04/15,日本ハム,ロッテ,13,3,札幌ドーム
2016,2016/04/15,オリックス,西武,7,4,京セラドーム
2016,2016/04/15,ソフトバンク,楽天,3,2,PayPayドーム
2016,2016/04/16,巨人,広島,6,5,東京ドーム
2016,2016/04/16,ヤクルト,DeNA,4,0,神宮球場
2016,2016/04/16,中日,阪神,4,3,バンテリンドーム
2016,2016/04/16,日本ハム,ロッテ,8,2,札幌ドーム
2016,2016/04/16,オリックス,西武,4,7,京セラドーム
2016,2016/04/17,巨人,広島,2,1,東京ドーム
2016,2016/04/17,ヤクルト,DeNA,5,4,神宮球場
2016,2016/04/17,中日,阪神,4,2,バンテリンドーム
2016,2016/04/17,日本ハム,ロッテ,3,5,札幌ドーム
2016,2016/04/17,オリックス,西武,5,2,京セラドーム
2016,2016/04/17,ソフトバンク,楽天,9,7,PayPayドーム
2016,2016/04/19,DeNA,広島,4,6,横浜スタジアム
2016,2016/04/19,阪神,ヤクルト,8,4,甲子園
2016,2016/04/19,日本ハム,西武,1,0,札幌ドーム
2016,2016/04/19,楽天,オリックス,2,3,楽天モバイルパーク
2016,2016/04/19,ロッテ,ソフトバンク,1,2,ZOZOマリン
2016,2016/04/20,DeNA,広島,10,0,横浜スタジアム
2016,2016/04/20,阪神,ヤクルト,1,5,甲子園
2016,2016/04/20,日本ハム,西武,2,9,札幌ドーム
2016,2016/04/20,楽天,オリックス,4,3,楽天モバイルパーク
2016,2016/04/20,ロッテ,ソフトバンク,0,5,ZOZOマリン
2016,2016/04/21,日本ハム,西武,4,3,札幌ドーム
2016,2016/04/22,巨人,DeNA,1,1,東京ドーム
2016,2016/04/22,中日,ヤクルト,11,6,バンテリンドーム
2016,2016/04/22,広島,阪神,9,12,マツダスタジアム
2016,2016/04/22,西武,楽天,7,8,ベルーナドーム
2016,2016/04/23,巨人,DeNA,0,3,東京ドーム
2016,2016/04/23,中日,ヤクルト,5,7,バンテリンドーム
2016,2016/04/23,広島,阪神,3,2,マツダスタジアム
2016,2016/04/23,西武,楽天,8,8,ベルーナドーム
2016,2016/04/23,ロッテ,オリックス,4,3,ZOZOマリン
2016,2016/04/23,ソフトバンク,日本ハム,2,4,PayPayドーム
2016,2016/04/24,巨人,DeNA,3,0,東京ドーム
2016,2016/04/24,中日,ヤクルト,5,3,バンテリンドーム
2016,2016/04/24,広島,阪神,2,6,マツダスタジアム
2016,2016/04/24,西武,楽天,7,6,ベルーナドーム
2016,2016/04/24,ロッテ,オリックス,3,4,ZOZOマリン
2016,2016/04/24,ソフトバンク,日本ハム,6,5,PayPayドーム
2016,2016/04/26,ヤクルト,広島,3,11,神宮球場
2016,2016/04/26,DeNA,中日,3,7,横浜スタジアム
2016,2016/04/26,阪神,巨人,3,5,甲子園
2016,2016/04/26,日本ハム,楽天,3,1,札幌ドーム
2016,2016/04/26,西武,ロッテ,2,5,ベルーナドーム
2016,2016/04/26,オリックス,ソフトバンク,3,9,京セラドーム
2016,2016/04/27,ヤクルト,広島,0,8,神宮球場
2016,2016/04/27,DeNA,中日,8,3,横浜スタジアム
2016,2016/04/27,阪神,巨人,1,11,甲子園
2016,2016/04/27,日本ハム,楽天,7,6,札幌ドーム
2016,2016/04/27,西武,ロッテ,2,7,ベルーナドーム
2016,2016/04/27,オリックス,ソフトバンク,2,5,京セラドーム
2016,2016/04/28,ヤクルト,広島,6,4,神宮球場
2016,2016/04/28,DeNA,中日,2,9,横浜スタジアム
2016,2016/04/28,阪神,巨人,3,3,甲子園
2016,2016/04/29,ヤクルト,巨人,4,1,神宮球場
2016,2016/04/29,阪神,DeNA,2,1,甲子園
2016,2016/04/29,広島,中日,9,4,マツダスタジアム
2016,2016/04/29,ロッテ,日本ハム,4,3,ZOZOマリン
2016,2016/04/29,オリックス,楽天,3,4,京セラドーム
2016,2016/04/29,ソフトバンク,西武,3,7,PayPayドーム
2016,2016/04/30,ヤクルト,巨人,4,3,神宮球場
2016,2016/04/30,阪神,DeNA,2,3,甲子園
2016,2016/04/30,広島,中日,12,2,マツダスタジアム
2016,2016/04/30,ロッテ,日本ハム,5,1,ZOZOマリン
2016,2016/04/30,オリックス,楽天,5,0,京セラドーム
2016,2016/04/30,ソフトバンク,西武,4,4,PayPayドーム
2016,2016/05/01,ヤクルト,巨人,11,2,神宮球場
2016,2016/05/01,阪神,DeNA,7,6,甲子園
2016,2016/05/01,広島,中日,10,7,マツダスタジアム
2016,2016/05/01,ロッテ,日本ハム,4,9,ZOZOマリン
2016,2016/05/01,オリックス,楽天,4,2,京セラドーム
2016,2016/05/01,ソフトバンク,西武,6,3,PayPayドーム
2016,2016/05/03,巨人,広島,3,2,東京ドーム
2016,2016/05/03,DeNA,ヤクルト,0,6,横浜スタジアム
2016,2016/05/03,中日,阪神,4,2,バンテリンドーム
2016,2016/05/03,日本ハム,ソフトバンク,4,5,札幌ドーム
2016,2016/05/03,楽天,ロッテ,2,1,楽天モバイルパーク
2016,2016/05/03,西武,オリックス,6,7,ベルーナドーム
2016,2016/05/04,巨人,広島,1,6,東京ドーム
2016,2016/05/04,DeNA,ヤクルト,3,2,横浜スタジアム
2016,2016/05/04,中日,阪神,0,9,バンテリンドーム
2016,2016/05/04,日本ハム,ソフトバンク,6,6,札幌ドーム
2016,2016/05/04,楽天,ロッテ,5,3,楽天モバイルパーク
2016,2016/05/04,西武,オリックス,8,2,ベルーナドーム
2016,2016/05/05,巨人,広島,4,2,東京ドーム
2016,2016/05/05,DeNA,ヤクルト,4,2,横浜スタジアム
2016,2016/05/05,中日,阪神,0,1,バンテリンドーム
2016,2016/05/05,日本ハム,ソフトバンク,1,2,札幌ドーム
2016,2016/05/05,楽天,ロッテ,8,15,楽天モバイルパーク
2016,2016/05/05,西武,オリックス,5,7,ベルーナドーム
2016,2016/05/06,巨人,中日,2,7,東京ドーム
2016,2016/05/06,阪神,ヤクルト,2,0,甲子園
2016,2016/05/06,広島,DeNA,0,6,マツダスタジアム
2016,2016/05/06,西武,日本ハム,4,8,ベルーナドーム
2016,2016/05/06,ロッテ,オリックス,0,5,ZOZOマリン
2016,2016/05/06,ソフトバンク,楽天,3,2,PayPayドーム
2016,2016/05/07,巨人,中日,1,8,東京ドーム
2016,2016/05/07,阪神,ヤクルト,6,10,甲子園
2016,2016/05/07,広島,DeNA,10,4,マツダスタジアム
2016,2016/05/07,西武,日本ハム,6,8,ベルーナドーム
2016,2016/05/07,ロッテ,オリックス,4,3,ZOZOマリン
2016,2016/05/07,ソフトバンク,楽天,3,2,PayPayドーム
2016,2016/05/08,巨人,中日,4,11,東京ドーム
2016,2016/05/08,阪神,ヤクルト,1,5,甲子園
2016,2016/05/08,広島,DeNA,1,7,マツダスタジアム
2016,2016/05/08,西武,日本ハム,6,2,ベルーナドーム
2016,2016/05/08,ロッテ,オリックス,4,3,ZOZOマリン
2016,2016/05/08,ソフトバンク,楽天,3,1,PayPayドーム
2016,2016/05/10,ヤクルト,広島,3,6,神宮球場
2016,2016/05/10,DeNA,中日,3,6,横浜スタジアム
2016,2016/05/10,日本ハム,オリックス,4,0,札幌ドーム
2016,2016/05/10,ソフトバンク,ロッテ,2,1,PayPayドーム
2016,2016/05/11,ヤクルト,広島,5,2,神宮球場
2016,2016/05/11,DeNA,中日,2,0,横浜スタジアム
2016,2016/05/11,阪神,巨人,1,3,甲子園
2016,2016/05/11,日本ハム,オリックス,6,2,札幌ドーム
2016,2016/05/11,楽天,西武,8,3,楽天モバイルパーク
2016,2016/05/11,ソフトバンク,ロッテ,9,5,PayPayドーム
2016,2016/05/12,ヤクルト,広島,4,3,神宮球場
2016,2016/05/12,DeNA,中日,6,5,横浜スタジアム
2016,2016/05/12,楽天,西武,4,0,楽天モバイルパーク
2016,2016/05/12,ソフトバンク,ロッテ,2,3,PayPayドーム
2016,2016/05/13,巨人,ヤクルト,3,2,東京ドーム
2016,2016/05/13,DeNA,阪神,2,3,横浜スタジアム
2016,2016/05/13,中日,広島,3,6,バンテリンドーム
2016,2016/05/13,日本ハム,西武,5,4,札幌ドーム
2016,2016/05/14,巨人,ヤクルト,7,1,東京ドーム
2016,2016/05/14,DeNA,阪神,3,1,横浜スタジアム
2016,2016/05/14,中日,広島,6,5,バンテリンドーム
2016,2016/05/14,日本ハム,西武,7,3,札幌ドーム
2016,2016/05/14,ロッテ,楽天,13,12,ZOZOマリン
2016,2016/05/14,オリックス,ソフトバンク,4,3,京セラドーム
2016,2016/05/15,巨人,ヤクルト,3,2,東京ドーム
2016,2016/05/15,DeNA,阪神,5,5,横浜スタジアム
2016,2016/05/15,中日,広島,3,3,バンテリンドーム
2016,2016/05/15,日本ハム,西武,3,6,札幌ドーム
2016,2016/05/15,ロッテ,楽天,9,8,ZOZOマリン
2016,2016/05/15,オリックス,ソフトバンク,1,2,京セラドーム
2016,2016/05/17,巨人,DeNA,1,7,東京ドーム
2016,2016/05/17,阪神,中日,3,4,甲子園
2016,2016/05/17,広島,ヤクルト,9,0,マツダスタジアム
2016,2016/05/17,楽天,オリックス,1,7,楽天モバイルパーク
2016,2016/05/17,ロッテ,西武,5,2,ZOZOマリン
2016,2016/05/17,ソフトバンク,日本ハム,2,7,PayPayドーム
2016,2016/05/18,巨人,DeNA,0,1,東京ドーム
2016,2016/05/18,阪神,中日,3,2,甲子園
2016,2016/05/18,広島,ヤクルト,3,11,マツダスタジアム
2016,2016/05/18,楽天,オリックス,2,10,楽天モバイルパーク
2016,2016/05/18,ロッテ,西武,0,3,ZOZOマリン
2016,2016/05/18,ソフトバンク,日本ハム,6,2,PayPayドーム
2016,2016/05/19,阪神,中日,3,2,甲子園
2016,2016/05/19,広島,ヤクルト,7,6,マツダスタジアム
2016,2016/05/19,ロッテ,西武,1,2,ZOZOマリン
2016,2016/05/19,ソフトバンク,日本ハム,6,8,PayPayドーム
2016,2016/05/20,ヤクルト,DeNA,6,3,神宮球場
2016,2016/05/20,中日,巨人,0,2,バンテリンドーム
2016,2016/05/20,阪神,広島,1,4,甲子園
2016,2016/05/20,オリックス,ロッテ,6,4,京セラドーム
2016,2016/05/21,ヤクルト,DeNA,1,4,神宮球場
2016,2016/05/21,中日,巨人,6,4,バンテリンドーム
2016,2016/05/21,阪神,広島,4,3,甲子園
2016,2016/05/21,日本ハム,楽天,5,1,札幌ドーム
2016,2016/05/21,西武,ソフトバンク,4,3,ベルーナドーム
2016,2016/05/21,オリックス,ロッテ,3,10,京セラドーム
2016,2016/05/22,ヤクルト,DeNA,3,11,神宮球場
2016,2016/05/22,中日,巨人,5,1,バンテリンドーム
2016,2016/05/22,阪神,広島,5,10,甲子園
2016,2016/05/22,日本ハム,楽天,8,0,札幌ドーム
2016,2016/05/22,西武,ソフトバンク,2,4,ベルーナドーム
2016,2016/05/22,オリックス,ロッテ,1,5,京セラドーム
2016,2016/05/24,ヤクルト,阪神,5,7,神宮球場
2016,2016/05/24,中日,DeNA,5,6,バンテリンドーム
2016,2016/05/24,広島,巨人,6,0,マツダスタジアム
2016,2016/05/24,日本ハム,ロッテ,1,3,札幌ドーム
2016,2016/05/24,西武,楽天,4,1,ベルーナドーム
2016,2016/05/24,ソフトバンク,オリックス,22,6,PayPayドーム
2016,2016/05/25,ヤクルト,阪神,9,8,神宮球場
2016,2016/05/25,中日,DeNA,1,4,バンテリンドーム
2016,2016/05/25,広島,巨人,9,3,マツダスタジアム
2016,2016/05/25,西武,楽天,7,0,ベルーナドーム
2016,2016/05/25,ソフトバンク,オリックス,5,2,PayPayドーム
2016,2016/05/26,ヤクルト,阪神,6,5,神宮球場
2016,2016/05/26,広島,巨人,3,2,マツダスタジアム
2016,2016/05/26,日本ハム,ロッテ,1,2,札幌ドーム
2016,2016/05/26,西武,楽天,4,0,ベルーナドーム
2016,2016/05/26,ソフトバンク,オリックス,4,3,PayPayドーム
2016,2016/05/27,巨人,阪神,0,1,東京ドーム
2016,2016/05/27,DeNA,広島,6,1,横浜スタジアム
2016,2016/05/27,中日,ヤクルト,6,5,バンテリンドーム
2016,2016/05/27,楽天,日本ハム,3,2,楽天モバイルパーク
2016,2016/05/27,ロッテ,ソフトバンク,0,1,ZOZOマリン
2016,2016/05/28,巨人,阪神,4,6,東京ドーム
2016,2016/05/28,DeNA,広島,3,1,横浜スタジアム
2016,2016/05/28,中日,ヤクルト,6,9,バンテリンドーム
2016,2016/05/28,楽天,日本ハム,1,7,楽天モバイルパーク
2016,2016/05/28,ロッテ,ソフトバンク,2,10,ZOZOマリン
2016,2016/05/28,オリックス,西武,8,6,京セラドーム
2016,2016/05/29,巨人,阪神,2,1,東京ドーム
2016,2016/05/29,DeNA,広島,0,6,横浜スタジアム
2016,2016/05/29,中日,ヤクルト,6,1,バンテリンドーム
2016,2016/05/29,楽天,日本ハム,3,12,楽天モバイルパーク
2016,2016/05/29,ロッテ,ソフトバンク,4,6,ZOZOマリン
2016,2016/05/29,オリックス,西武,3,5,京セラドーム
2016,2016/05/31,日本ハム,ヤクルト,4,8,札幌ドーム
2016,2016/05/31,楽天,阪神,9,1,楽天モバイルパーク
2016,2016/05/31,西武,DeNA,2,5,ベルーナドーム
2016,2016/05/31,ロッテ,広島,5,0,ZOZOマリン
2016,2016/05/31,オリックス,巨人,2,3,京セラドーム
2016,2016/05/31,ソフトバンク,中日,5,2,PayPayドーム
2016,2016/06/01,日本ハム,ヤクルト,5,2,札幌ドーム
2016,2016/06/01,楽天,阪神,3,5,楽天モバイルパーク
2016,2016/06/01,西武,DeNA,7,0,ベルーナドーム
2016,2016/06/01,ロッテ,広島,2,4,ZOZOマリン
2016,2016/06/01,オリックス,巨人,0,1,京セラドーム
2016,2016/06/01,ソフトバンク,中日,0,5,PayPayドーム
2016,2016/06/02,日本ハム,ヤクルト,8,6,札幌ドーム
2016,2016/06/02,楽天,阪神,0,3,楽天モバイルパーク
2016,2016/06/02,西武,DeNA,4,1,ベルーナドーム
2016,2016/06/02,ロッテ,広島,13,4,ZOZOマリン
2016,2016/06/02,オリックス,巨人,2,4,京セラドーム
2016,2016/06/02,ソフトバンク,中日,6,2,PayPayドーム
2016,2016/06/03,巨人,日本ハム,5,4,東京ドーム
2016,2016/06/03,ヤクルト,オリックス,4,5,神宮球場
2016,2016/06/03,DeNA,ロッテ,2,1,横浜スタジアム
2016,2016/06/03,中日,楽天,1,3,バンテリンドーム
2016,2016/06/03,阪神,西武,3,12,甲子園
2016,2016/06/03,広島,ソフトバンク,1,6,マツダスタジアム
2016,2016/06/04,巨人,日本ハム,5,4,東京ドーム
2016,2016/06/04,ヤクルト,オリックス,4,6,神宮球場
2016,2016/06/04,DeNA,ロッテ,6,5,横浜スタジアム
2016,2016/06/04,中日,楽天,0,3,バンテリンドーム
2016,2016/06/04,阪神,西武,5,1,甲子園
2016,2016/06/04,広島,ソフトバンク,1,1,マツダスタジアム
2016,2016/06/05,巨人,日本ハム,2,6,東京ドーム
2016,2016/06/05,ヤクルト,オリックス,9,14,神宮球場
2016,2016/06/05,DeNA,ロッテ,11,0,横浜スタジアム
2016,2016/06/05,中日,楽天,2,0,バンテリンドーム
2016,2016/06/05,阪神,西武,2,3,甲子園
2016,2016/06/05,広島,ソフトバンク,2,1,マツダスタジアム
2016,2016/06/07,日本ハム,広島,2,3,札幌ドーム
2016,2016/06/07,楽天,ヤクルト,5,1,楽天モバイルパーク
2016,2016/06/07,西武,巨人,6,2,ベルーナドーム
2016,2016/06/07,ロッテ,阪神,2,1,ZOZOマリン
2016,2016/06/07,オリックス,中日,3,8,京セラドーム
2016,2016/06/07,ソフトバンク,DeNA,6,3,PayPayドーム
2016,2016/06/08,日本ハム,広島,4,2,札幌ドーム
2016,2016/06/08,楽天,ヤクルト,3,10,楽天モバイルパーク
2016,2016/06/08,西武,巨人,5,7,ベルーナドーム
2016,2016/06/08,ロッテ,阪神,8,3,ZOZOマリン
2016,2016/06/08,オリックス,中日,2,1,京セラドーム
2016,2016/06/08,ソフトバンク,DeNA,4,1,PayPayドーム
2016,2016/06/09,日本ハム,広島,2,4,札幌ドーム
2016,2016/06/09,楽天,ヤクルト,3,2,楽天モバイルパーク
2016,2016/06/09,西武,巨人,7,4,ベルーナドーム
2016,2016/06/09,ロッテ,阪神,7,2,ZOZOマリン
2016,2016/06/09,オリックス,中日,3,8,京セラドーム
2016,2016/06/09,ソフトバンク,DeNA,4,2,PayPayドーム
2016,2016/06/10,日本ハム,阪神,5,4,札幌ドーム
2016,2016/06/10,楽天,広島,0,6,楽天モバイルパーク
2016,2016/06/10,西武,中日,1,0,ベルーナドーム
2016,2016/06/10,ロッテ,ヤクルト,6,7,ZOZOマリン
2016,2016/06/10,オリックス,DeNA,1,3,京セラドーム
2016,2016/06/10,ソフトバンク,巨人,2,1,PayPayドーム
2016,2016/06/11,日本ハム,阪神,0,3,札幌ドーム
2016,2016/06/11,楽天,広島,2,1,楽天モバイルパーク
2016,2016/06/11,西武,中日,2,4,ベルーナドーム
2016,2016/06/11,ロッテ,ヤクルト,4,2,ZOZOマリン
2016,2016/06/11,オリックス,DeNA,0,7,京セラドーム
2016,2016/06/11,ソフトバンク,巨人,8,3,PayPayドーム
2016,2016/06/12,日本ハム,阪神,6,0,札幌ドーム
2016,2016/06/12,楽天,広島,4,3,楽天モバイルパーク
2016,2016/06/12,西武,中日,3,2,ベルーナドーム
2016,2016/06/12,ロッテ,ヤクルト,7,1,ZOZOマリン
2016,2016/06/12,オリックス,DeNA,0,4,京セラドーム
2016,2016/06/12,ソフトバンク,巨人,7,5,PayPayドーム
2016,2016/06/14,巨人,楽天,1,4,東京ドーム
2016,2016/06/14,ヤクルト,ソフトバンク,6,4,神宮球場
2016,2016/06/14,DeNA,日本ハム,0,4,横浜スタジアム
2016,2016/06/14,中日,ロッテ,2,4,バンテリンドーム
2016,2016/06/14,阪神,オリックス,2,0,甲子園
2016,2016/06/14,広島,西武,3,2,マツダスタジアム
2016,2016/06/15,巨人,楽天,3,2,東京ドーム
2016,2016/06/15,ヤクルト,ソフトバンク,4,6,神宮球場
2016,2016/06/15,DeNA,日本ハム,2,3,横浜スタジアム
2016,2016/06/15,中日,ロッテ,2,6,バンテリンドーム
2016,2016/06/15,阪神,オリックス,1,5,甲子園
2016,2016/06/15,広島,西武,6,2,マツダスタジアム
2016,2016/06/16,巨人,楽天,10,7,東京ドーム
2016,2016/06/16,ヤクルト,ソフトバンク,3,12,神宮球場
2016,2016/06/16,中日,ロッテ,1,3,バンテリンドーム
2016,2016/06/16,広島,西武,6,0,マツダスタジアム
2016,2016/06/17,巨人,ロッテ,1,5,東京ドーム
2016,2016/06/17,ヤクルト,西武,5,1,神宮球場
2016,2016/06/17,DeNA,楽天,5,8,横浜スタジアム
2016,2016/06/17,中日,日本ハム,1,0,バンテリンドーム
2016,2016/06/17,阪神,ソフトバンク,3,2,甲子園
2016,2016/06/17,広島,オリックス,6,4,マツダスタジアム
2016,2016/06/18,巨人,ロッテ,2,6,東京ドーム
2016,2016/06/18,ヤクルト,西武,5,4,神宮球場
2016,2016/06/18,DeNA,楽天,3,6,横浜スタジアム
2016,2016/06/18,中日,日本ハム,3,2,バンテリンドーム
2016,2016/06/18,阪神,ソフトバンク,0,1,甲子園
2016,2016/06/18,広島,オリックス,4,3,マツダスタジアム
2016,2016/06/19,巨人,ロッテ,5,1,東京ドーム
2016,2016/06/19,ヤクルト,西武,5,7,神宮球場
2016,2016/06/19,DeNA,楽天,3,5,横浜スタジアム
2016,2016/06/19,中日,日本ハム,2,3,バンテリンドーム
2016,2016/06/19,阪神,ソフトバンク,4,8,甲子園
2016,2016/06/19,広島,オリックス,5,4,マツダスタジアム
2016,2016/06/20,DeNA,日本ハム,2,5,横浜スタジアム
2016,2016/06/20,阪神,オリックス,2,0,甲子園
2016,2016/06/24,ヤクルト,中日,5,1,神宮球場
2016,2016/06/24,DeNA,巨人,12,6,横浜スタジアム
2016,2016/06/24,広島,阪神,4,2,マツダスタジアム
2016,2016/06/24,楽天,ソフトバンク,3,6,楽天モバイルパーク
2016,2016/06/24,西武,ロッテ,6,7,ベルーナドーム
2016,2016/06/25,ヤクルト,中日,13,9,神宮球場
2016,2016/06/25,DeNA,巨人,7,6,横浜スタジアム
2016,2016/06/25,広島,阪神,4,2,マツダスタジアム
2016,2016/06/25,楽天,ソフトバンク,4,2,楽天モバイルパーク
2016,2016/06/25,西武,ロッテ,10,9,ベルーナドーム
2016,2016/06/25,オリックス,日本ハム,8,10,京セラドーム
2016,2016/06/26,ヤクルト,中日,5,4,神宮球場
2016,2016/06/26,DeNA,巨人,4,9,横浜スタジアム
2016,2016/06/26,広島,阪神,4,3,マツダスタジアム
2016,2016/06/26,楽天,ソフトバンク,1,5,楽天モバイルパーク
2016,2016/06/26,西武,ロッテ,4,10,ベルーナドーム
2016,2016/06/26,オリックス,日本ハム,0,6,京セラドーム
2016,2016/06/27,日本ハム,西武,8,7,札幌ドーム
2016,2016/06/27,ソフトバンク,ロッテ,6,9,PayPayドーム
2016,2016/06/28,巨人,中日,0,5,東京ドーム
2016,2016/06/28,阪神,DeNA,5,3,甲子園
2016,2016/06/28,広島,ヤクルト,3,2,マツダスタジアム
2016,2016/06/28,日本ハム,西武,3,0,札幌ドーム
2016,2016/06/28,オリックス,楽天,3,2,京セラドーム
2016,2016/06/29,巨人,中日,3,2,東京ドーム
2016,2016/06/29,広島,ヤクルト,8,1,マツダスタジアム
2016,2016/06/29,日本ハム,西武,5,3,札幌ドーム
2016,2016/06/29,オリックス,楽天,3,5,京セラドーム
2016,2016/06/29,ソフトバンク,ロッテ,7,6,PayPayドーム
2016,2016/06/30,巨人,中日,1,3,東京ドーム
2016,2016/06/30,阪神,DeNA,0,3,甲子園
2016,2016/06/30,広島,ヤクルト,2,5,マツダスタジアム
2016,2016/06/30,ソフトバンク,ロッテ,2,1,PayPayドーム
2016,2016/07/01,DeNA,広島,2,6,横浜スタジアム
2016,2016/07/01,中日,阪神,7,2,バンテリンドーム
2016,2016/07/01,楽天,西武,3,2,楽天モバイルパーク
2016,2016/07/01,ソフトバンク,日本ハム,2,5,PayPayドーム
2016,2016/07/02,ヤクルト,巨人,2,1,神宮球場
2016,2016/07/02,DeNA,広島,4,1,横浜スタジアム
2016,2016/07/02,中日,阪神,2,3,バンテリンドーム
2016,2016/07/02,楽天,西武,7,5,楽天モバイルパーク
2016,2016/07/02,ロッテ,オリックス,6,0,ZOZOマリン
2016,2016/07/02,ソフトバンク,日本ハム,0,4,PayPayドーム
2016,2016/07/03,ヤクルト,巨人,6,3,神宮球場
2016,2016/07/03,DeNA,広島,6,13,横浜スタジアム
2016,2016/07/03,中日,阪神,8,3,バンテリンドーム
2016,2016/07/03,楽天,西武,3,4,楽天モバイルパーク
2016,2016/07/03,ロッテ,オリックス,3,4,ZOZOマリン
2016,2016/07/03,ソフトバンク,日本ハム,0,2,PayPayドーム
2016,2016/07/05,巨人,阪神,3,2,東京ドーム
2016,2016/07/05,DeNA,ヤクルト,4,0,横浜スタジアム
2016,2016/07/05,中日,広島,1,4,バンテリンドーム
2016,2016/07/05,楽天,日本ハム,3,8,楽天モバイルパーク
2016,2016/07/05,ロッテ,西武,2,1,ZOZOマリン
2016,2016/07/05,オリックス,ソフトバンク,3,0,京セラドーム
2016,2016/07/06,巨人,阪神,3,1,東京ドーム
2016,2016/07/06,DeNA,ヤクルト,8,7,横浜スタジアム
2016,2016/07/06,中日,広島,4,1,バンテリンドーム
2016,2016/07/06,ロッテ,西武,5,4,ZOZOマリン
2016,2016/07/06,オリックス,ソフトバンク,2,5,京セラドーム
2016,2016/07/07,巨人,阪神,0,6,東京ドーム
2016,2016/07/07,DeNA,ヤクルト,5,3,横浜スタジアム
2016,2016/07/07,ロッテ,西武,4,3,ZOZOマリン
2016,2016/07/07,オリックス,ソフトバンク,0,4,京セラドーム
2016,2016/07/08,巨人,DeNA,3,1,東京ドーム
2016,2016/07/08,ヤクルト,中日,6,3,神宮球場
2016,2016/07/08,阪神,広島,2,8,甲子園
2016,2016/07/08,日本ハム,ロッテ,12,3,札幌ドーム
2016,2016/07/08,西武,オリックス,8,4,ベルーナドーム
2016,2016/07/08,ソフトバンク,楽天,2,3,PayPayドーム
2016,2016/07/09,巨人,DeNA,5,2,東京ドーム
2016,2016/07/09,ヤクルト,中日,2,8,神宮球場
2016,2016/07/09,阪神,広島,1,7,甲子園
2016,2016/07/09,日本ハム,ロッテ,4,0,札幌ドーム
2016,2016/07/09,西武,オリックス,0,2,ベルーナドーム
2016,2016/07/09,ソフトバンク,楽天,6,2,PayPayドーム
2016,2016/07/10,巨人,DeNA,10,7,東京ドーム
2016,2016/07/10,ヤクルト,中日,8,3,神宮球場
2016,2016/07/10,阪神,広島,0,9,甲子園
2016,2016/07/10,日本ハム,ロッテ,6,5,札幌ドーム
2016,2016/07/10,西武,オリックス,2,8,ベルーナドーム
2016,2016/07/10,ソフトバンク,楽天,6,2,PayPayドーム
2016,2016/07/11,DeNA,中日,3,13,横浜スタジアム
2016,2016/07/11,西武,楽天,3,1,ベルーナドーム
2016,2016/07/11,オリックス,日本ハム,1,4,京セラドーム
2016,2016/07/12,ヤクルト,阪神,1,3,神宮球場
2016,2016/07/12,DeNA,中日,6,5,横浜スタジアム
2016,2016/07/12,広島,巨人,13,3,マツダスタジアム
2016,2016/07/12,西武,楽天,1,5,ベルーナドーム
2016,2016/07/12,ロッテ,ソフトバンク,0,4,ZOZOマリン
2016,2016/07/12,オリックス,日本ハム,4,3,京セラドーム
2016,2016/07/13,ヤクルト,阪神,2,4,神宮球場
2016,2016/07/13,DeNA,中日,7,2,横浜スタジアム
2016,2016/07/13,広島,巨人,0,6,マツダスタジアム
2016,2016/07/13,西武,楽天,3,4,ベルーナドーム
2016,2016/07/13,ロッテ,ソフトバンク,0,3,ZOZOマリン
2016,2016/07/13,オリックス,日本ハム,2,3,京セラドーム
2016,2016/07/18,ヤクルト,DeNA,9,3,神宮球場
2016,2016/07/18,阪神,巨人,1,2,甲子園
2016,2016/07/18,広島,中日,3,2,マツダスタジアム
2016,2016/07/18,日本ハム,楽天,3,1,札幌ドーム
2016,2016/07/18,西武,ロッテ,6,1,ベルーナドーム
2016,2016/07/18,ソフトバンク,オリックス,0,6,PayPayドーム
2016,2016/07/19,ヤクルト,DeNA,8,9,神宮球場
2016,2016/07/19,阪神,巨人,1,6,甲子園
2016,2016/07/19,広島,中日,11,3,マツダスタジアム
2016,2016/07/19,西武,ロッテ,2,9,ベルーナドーム
2016,2016/07/19,ソフトバンク,オリックス,0,4,PayPayドーム
2016,2016/07/20,ヤクルト,DeNA,2,9,神宮球場
2016,2016/07/20,阪神,巨人,2,6,甲子園
2016,2016/07/20,広島,中日,6,7,マツダスタジアム
2016,2016/07/20,日本ハム,楽天,9,3,札幌ドーム
2016,2016/07/20,ソフトバンク,オリックス,2,1,PayPayドーム
2016,2016/07/22,DeNA,巨人,3,2,横浜スタジアム
2016,2016/07/22,中日,ヤクルト,3,6,バンテリンドーム
2016,2016/07/22,広島,阪神,4,2,マツダスタジアム
2016,2016/07/22,日本ハム,オリックス,2,0,札幌ドーム
2016,2016/07/22,楽天,ロッテ,1,12,楽天モバイルパーク
2016,2016/07/22,ソフトバンク,西武,5,2,PayPayドーム
2016,2016/07/23,DeNA,巨人,6,4,横浜スタジアム
2016,2016/07/23,中日,ヤクルト,1,3,バンテリンドーム
2016,2016/07/23,広島,阪神,7,0,マツダスタジアム
2016,2016/07/23,日本ハム,オリックス,6,3,札幌ドーム
2016,2016/07/23,楽天,ロッテ,6,5,楽天モバイルパーク
2016,2016/07/23,ソフトバンク,西武,1,3,PayPayドーム
2016,2016/07/24,DeNA,巨人,1,9,横浜スタジアム
2016,2016/07/24,中日,ヤクルト,2,5,バンテリンドーム
2016,2016/07/24,広島,阪神,5,8,マツダスタジアム
2016,2016/07/24,日本ハム,オリックス,2,3,札幌ドーム
2016,2016/07/24,楽天,ロッテ,2,3,楽天モバイルパーク
2016,2016/07/24,ソフトバンク,西武,4,3,PayPayドーム
2016,2016/07/26,中日,DeNA,3,7,バンテリンドーム
2016,2016/07/26,阪神,ヤクルト,5,3,甲子園
2016,2016/07/26,楽天,ソフトバンク,0,6,楽天モバイルパーク
2016,2016/07/26,西武,日本ハム,1,4,ベルーナドーム
2016,2016/07/26,オリックス,ロッテ,3,6,京セラドーム
2016,2016/07/27,巨人,広島,7,2,東京ドーム
2016,2016/07/27,中日,DeNA,0,2,バンテリンドーム
2016,2016/07/27,阪神,ヤクルト,9,0,甲子園
2016,2016/07/27,楽天,ソフトバンク,6,2,楽天モバイルパーク
2016,2016/07/27,西武,日本ハム,4,8,ベルーナドーム
2016,2016/07/27,オリックス,ロッテ,3,1,京セラドーム
2016,2016/07/28,巨人,広島,0,4,東京ドーム
2016,2016/07/28,中日,DeNA,15,2,バンテリンドーム
2016,2016/07/28,阪神,ヤクルト,10,5,甲子園
2016,2016/07/28,西武,日本ハム,6,2,ベルーナドーム
2016,2016/07/28,オリックス,ロッテ,2,1,京セラドーム
2016,2016/07/29,巨人,ヤクルト,3,1,東京ドーム
2016,2016/07/29,阪神,中日,1,3,甲子園
2016,2016/07/29,広島,DeNA,3,19,マツダスタジアム
2016,2016/07/29,日本ハム,ソフトバンク,4,6,札幌ドーム
2016,2016/07/29,ロッテ,楽天,0,9,ZOZOマリン
2016,2016/07/29,オリックス,西武,7,1,京セラドーム
2016,2016/07/30,巨人,ヤクルト,9,0,東京ドーム
2016,2016/07/30,阪神,中日,8,2,甲子園
2016,2016/07/30,広島,DeNA,5,7,マツダスタジアム
2016,2016/07/30,日本ハム,ソフトバンク,3,2,札幌ドーム
2016,2016/07/30,ロッテ,楽天,4,5,ZOZOマリン
2016,2016/07/30,オリックス,西武,2,3,京セラドーム
2016,2016/07/31,巨人,ヤクルト,10,1,東京ドーム
2016,2016/07/31,阪神,中日,6,1,甲子園
2016,2016/07/31,広島,DeNA,6,4,マツダスタジアム
2016,2016/07/31,日本ハム,ソフトバンク,6,3,札幌ドーム
2016,2016/07/31,ロッテ,楽天,2,0,ZOZOマリン
2016,2016/07/31,オリックス,西武,5,4,京セラドーム
2016,2016/08/02,ヤクルト,広島,4,16,神宮球場
2016,2016/08/02,DeNA,阪神,2,6,横浜スタジアム
2016,2016/08/02,中日,巨人,2,7,バンテリンドーム
2016,2016/08/02,楽天,オリックス,2,1,楽天モバイルパーク
2016,2016/08/02,西武,ソフトバンク,2,6,ベルーナドーム
2016,2016/08/02,ロッテ,日本ハム,4,3,ZOZOマリン
2016,2016/08/03,ヤクルト,広島,6,4,神宮球場
2016,2016/08/03,DeNA,阪神,4,3,横浜スタジアム
2016,2016/08/03,中日,巨人,0,5,バンテリンドーム
2016,2016/08/03,楽天,オリックス,6,1,楽天モバイルパーク
2016,2016/08/03,西武,ソフトバンク,3,7,ベルーナドーム
2016,2016/08/03,ロッテ,日本ハム,2,10,ZOZOマリン
2016,2016/08/04,ヤクルト,広島,5,2,神宮球場
2016,2016/08/04,DeNA,阪神,5,7,横浜スタジアム
2016,2016/08/04,楽天,オリックス,0,2,楽天モバイルパーク
2016,2016/08/04,西武,ソフトバンク,4,7,ベルーナドーム
2016,2016/08/04,ロッテ,日本ハム,3,0,ZOZOマリン
2016,2016/08/05,ヤクルト,阪神,0,8,神宮球場
2016,2016/08/05,DeNA,中日,3,4,横浜スタジアム
2016,2016/08/05,広島,巨人,4,5,マツダスタジアム
2016,2016/08/05,楽天,西武,4,10,楽天モバイルパーク
2016,2016/08/05,オリックス,ロッテ,2,3,京セラドーム
2016,2016/08/05,ソフトバンク,日本ハム,3,2,PayPayドーム
2016,2016/08/06,ヤクルト,阪神,6,1,神宮球場
2016,2016/08/06,DeNA,中日,6,4,横浜スタジアム
2016,2016/08/06,広島,巨人,2,3,マツダスタジアム
2016,2016/08/06,楽天,西武,7,5,楽天モバイルパーク
2016,2016/08/06,オリックス,ロッテ,0,2,京セラドーム
2016,2016/08/06,ソフトバンク,日本ハム,1,8,PayPayドーム
2016,2016/08/07,ヤクルト,阪神,7,6,神宮球場
2016,2016/08/07,DeNA,中日,4,1,横浜スタジアム
2016,2016/08/07,広島,巨人,8,7,マツダスタジアム
2016,2016/08/07,楽天,西武,6,4,楽天モバイルパーク
2016,2016/08/07,オリックス,ロッテ,5,3,京セラドーム
2016,2016/08/07,ソフトバンク,日本ハム,3,8,PayPayドーム
2016,2016/08/09,巨人,DeNA,5,2,東京ドーム
2016,2016/08/09,中日,ヤクルト,2,1,バンテリンドーム
2016,2016/08/09,広島,阪神,10,3,マツダスタジアム
2016,2016/08/09,日本ハム,西武,1,3,札幌ドーム
2016,2016/08/09,ロッテ,楽天,2,4,ZOZOマリン
2016,2016/08/09,オリックス,ソフトバンク,4,0,京セラドーム
2016,2016/08/10,巨人,DeNA,5,2,東京ドーム
2016,2016/08/10,中日,ヤクルト,2,3,バンテリンドーム
2016,2016/08/10,広島,阪神,1,2,マツダスタジアム
2016,2016/08/10,日本ハム,西武,4,3,札幌ドーム
2016,2016/08/10,ロッテ,楽天,5,3,ZOZOマリン
2016,2016/08/10,オリックス,ソフトバンク,3,2,京セラドーム
2016,2016/08/11,巨人,DeNA,4,5,東京ドーム
2016,2016/08/11,中日,ヤクルト,2,8,バンテリンドーム
2016,2016/08/11,広島,阪神,5,3,マツダスタジアム
2016,2016/08/11,日本ハム,西武,0,2,札幌ドーム
2016,2016/08/11,ロッテ,楽天,4,0,ZOZOマリン
2016,2016/08/11,オリックス,ソフトバンク,4,3,京セラドーム
2016,2016/08/12,ヤクルト,巨人,5,4,神宮球場
2016,2016/08/12,DeNA,広島,2,3,横浜スタジアム
2016,2016/08/12,阪神,中日,4,2,甲子園
2016,2016/08/12,楽天,日本ハム,4,3,楽天モバイルパーク
2016,2016/08/12,西武,オリックス,8,3,ベルーナドーム
2016,2016/08/12,ロッテ,ソフトバンク,2,0,ZOZOマリン
2016,2016/08/13,ヤクルト,巨人,2,1,神宮球場
2016,2016/08/13,DeNA,広島,2,1,横浜スタジアム
2016,2016/08/13,阪神,中日,5,2,甲子園
2016,2016/08/13,楽天,日本ハム,0,2,楽天モバイルパーク
2016,2016/08/13,西武,オリックス,1,9,ベルーナドーム
2016,2016/08/13,ロッテ,ソフトバンク,0,3,ZOZOマリン
2016,2016/08/14,ヤクルト,巨人,2,9,神宮球場
2016,2016/08/14,DeNA,広島,2,3,横浜スタジアム
2016,2016/08/14,阪神,中日,8,1,甲子園
2016,2016/08/14,楽天,日本ハム,1,2,楽天モバイルパーク
2016,2016/08/14,西武,オリックス,5,1,ベルーナドーム
2016,2016/08/14,ロッテ,ソフトバンク,3,2,ZOZOマリン
2016,2016/08/16,中日,巨人,0,2,バンテリンドーム
2016,2016/08/16,阪神,広島,0,5,甲子園
2016,2016/08/16,日本ハム,オリックス,3,2,札幌ドーム
2016,2016/08/16,ソフトバンク,西武,4,6,PayPayドーム
2016,2016/08/17,ヤクルト,DeNA,9,1,神宮球場
2016,2016/08/17,中日,巨人,3,1,バンテリンドーム
2016,2016/08/17,阪神,広島,2,7,甲子園
2016,2016/08/17,日本ハム,オリックス,4,2,札幌ドーム
2016,2016/08/17,楽天,ロッテ,10,5,楽天モバイルパーク
2016,2016/08/18,中日,巨人,2,3,バンテリンドーム
2016,2016/08/18,日本ハム,オリックス,6,1,札幌ドーム
2016,2016/08/18,楽天,ロッテ,3,1,楽天モバイルパーク
2016,2016/08/18,ソフトバンク,西武,3,6,PayPayドーム
2016,2016/08/19,巨人,阪神,6,3,東京ドーム
2016,2016/08/19,中日,DeNA,2,0,バンテリンドーム
2016,2016/08/19,広島,ヤクルト,6,4,マツダスタジアム
2016,2016/08/19,日本ハム,ソフトバンク,0,3,札幌ドーム
2016,2016/08/19,西武,ロッテ,5,3,ベルーナドーム
2016,2016/08/19,オリックス,楽天,0,3,京セラドーム
2016,2016/08/20,巨人,阪神,3,0,東京ドーム
2016,2016/08/20,中日,DeNA,1,2,バンテリンドーム
2016,2016/08/20,広島,ヤクルト,2,0,マツダスタジアム
2016,2016/08/20,日本ハム,ソフトバンク,2,3,札幌ドーム
2016,2016/08/20,西武,ロッテ,10,4,ベルーナドーム
2016,2016/08/20,オリックス,楽天,11,1,京セラドーム
2016,2016/08/21,巨人,阪神,1,4,東京ドーム
2016,2016/08/21,中日,DeNA,3,0,バンテリンドーム
2016,2016/08/21,広島,ヤクルト,3,0,マツダスタジアム
2016,2016/08/21,日本ハム,ソフトバンク,4,2,札幌ドーム
2016,2016/08/21,西武,ロッテ,7,8,ベルーナドーム
2016,2016/08/21,オリックス,楽天,4,4,京セラドーム
2016,2016/08/23,巨人,広島,1,0,東京ドーム
2016,2016/08/23,ヤクルト,中日,2,3,神宮球場
2016,2016/08/23,DeNA,阪神,3,9,横浜スタジアム
2016,2016/08/23,ロッテ,日本ハム,1,4,ZOZOマリン
2016,2016/08/23,オリックス,西武,3,14,京セラドーム
2016,2016/08/23,ソフトバンク,楽天,2,3,PayPayドーム
2016,2016/08/24,巨人,広島,3,7,東京ドーム
2016,2016/08/24,ヤクルト,中日,5,2,神宮球場
2016,2016/08/24,DeNA,阪神,1,5,横浜スタジアム
2016,2016/08/24,ロッテ,日本ハム,3,5,ZOZOマリン
2016,2016/08/24,オリックス,西武,2,6,京セラドーム
2016,2016/08/24,ソフトバンク,楽天,5,0,PayPayドーム
2016,2016/08/25,巨人,広島,4,6,東京ドーム
2016,2016/08/25,ヤクルト,中日,10,9,神宮球場
2016,2016/08/25,DeNA,阪神,3,9,横浜スタジアム
2016,2016/08/25,ロッテ,日本ハム,1,4,ZOZOマリン
2016,2016/08/25,ソフトバンク,楽天,5,7,PayPayドーム
2016,2016/08/26,DeNA,巨人,11,5,横浜スタジアム
2016,2016/08/26,中日,広島,2,3,バンテリンドーム
2016,2016/08/26,阪神,ヤクルト,3,5,甲子園
2016,2016/08/26,楽天,オリックス,4,3,楽天モバイルパーク
2016,2016/08/26,西武,日本ハム,7,1,ベルーナドーム
2016,2016/08/26,ソフトバンク,ロッテ,11,3,PayPayドーム
2016,2016/08/27,DeNA,巨人,7,3,横浜スタジアム
2016,2016/08/27,中日,広島,4,11,バンテリンドーム
2016,2016/08/27,阪神,ヤクルト,2,5,甲子園
2016,2016/08/27,楽天,オリックス,7,6,楽天モバイルパーク
2016,2016/08/27,西武,日本ハム,4,7,ベルーナドーム
2016,2016/08/27,ソフトバンク,ロッテ,14,3,PayPayドーム
2016,2016/08/28,DeNA,巨人,6,5,横浜スタジアム
2016,2016/08/28,中日,広島,7,5,バンテリンドーム
2016,2016/08/28,阪神,ヤクルト,1,3,甲子園
2016,2016/08/28,楽天,オリックス,4,13,楽天モバイルパーク
2016,2016/08/28,西武,日本ハム,4,3,ベルーナドーム
2016,2016/08/28,ソフトバンク,ロッテ,5,7,PayPayドーム
2016,2016/08/30,巨人,ヤクルト,5,2,東京ドーム
2016,2016/08/30,中日,阪神,9,3,バンテリンドーム
2016,2016/08/30,広島,DeNA,8,2,マツダスタジアム
2016,2016/08/30,日本ハム,楽天,2,9,札幌ドーム
2016,2016/08/30,西武,ソフトバンク,3,6,ベルーナドーム
2016,2016/08/30,ロッテ,オリックス,4,6,ZOZOマリン
2016,2016/08/31,巨人,ヤクルト,0,4,東京ドーム
2016,2016/08/31,中日,阪神,1,0,バンテリンドーム
2016,2016/08/31,広島,DeNA,3,0,マツダスタジアム
2016,2016/08/31,日本ハム,楽天,4,13,札幌ドーム
2016,2016/08/31,西武,ソフトバンク,8,7,ベルーナドーム
2016,2016/08/31,ロッテ,オリックス,7,5,ZOZOマリン
2016,2016/09/01,広島,DeNA,6,5,マツダスタジアム
2016,2016/09/01,日本ハム,楽天,8,0,札幌ドーム
2016,2016/09/01,西武,ソフトバンク,2,9,ベルーナドーム
2016,2016/09/01,ロッテ,オリックス,6,4,ZOZOマリン
2016,2016/09/02,巨人,中日,7,8,東京ドーム
2016,2016/09/02,ヤクルト,広島,2,5,神宮球場
2016,2016/09/02,阪神,DeNA,3,5,甲子園
2016,2016/09/02,楽天,ソフトバンク,6,8,楽天モバイルパーク
2016,2016/09/02,ロッテ,西武,1,1,ZOZOマリン
2016,2016/09/02,オリックス,日本ハム,5,2,京セラドーム
2016,2016/09/03,巨人,中日,1,5,東京ドーム
2016,2016/09/03,ヤクルト,広島,3,1,神宮球場
2016,2016/09/03,阪神,DeNA,2,3,甲子園
2016,2016/09/03,楽天,ソフトバンク,1,7,楽天モバイルパーク
2016,2016/09/03,ロッテ,西武,9,8,ZOZOマリン
2016,2016/09/03,オリックス,日本ハム,4,12,京セラドーム
2016,2016/09/04,巨人,中日,3,5,東京ドーム
2016,2016/09/04,ヤクルト,広島,3,4,神宮球場
2016,2016/09/04,阪神,DeNA,3,1,甲子園
2016,2016/09/04,楽天,ソフトバンク,5,1,楽天モバイルパーク
2016,2016/09/04,ロッテ,西武,2,4,ZOZOマリン
2016,2016/09/04,オリックス,日本ハム,7,7,京セラドーム
2016,2016/09/06,DeNA,ヤクルト,6,1,横浜スタジアム
2016,2016/09/06,阪神,巨人,2,4,甲子園
2016,2016/09/06,広島,中日,4,1,マツダスタジアム
2016,2016/09/06,楽天,西武,7,4,楽天モバイルパーク
2016,2016/09/06,ソフトバンク,オリックス,1,2,PayPayドーム
2016,2016/09/07,DeNA,ヤクルト,7,3,横浜スタジアム
2016,2016/09/07,阪神,巨人,2,3,甲子園
2016,2016/09/07,広島,中日,5,0,マツダスタジアム
2016,2016/09/07,日本ハム,ロッテ,4,4,札幌ドーム
2016,2016/09/07,楽天,西武,1,14,楽天モバイルパーク
2016,2016/09/07,ソフトバンク,オリックス,2,1,PayPayドーム
2016,2016/09/08,DeNA,ヤクルト,3,5,横浜スタジアム
2016,2016/09/08,阪神,巨人,1,3,甲子園
2016,2016/09/08,広島,中日,7,4,マツダスタジアム
2016,2016/09/08,西武,ロッテ,2,8,ベルーナドーム
2016,2016/09/08,オリックス,ソフトバンク,4,2,京セラドーム
2016,2016/09/09,ヤクルト,巨人,2,5,神宮球場
2016,2016/09/09,楽天,日本ハム,2,8,楽天モバイルパーク
2016,2016/09/09,西武,ロッテ,8,1,ベルーナドーム
2016,2016/09/09,オリックス,ソフトバンク,4,3,京セラドーム
2016,2016/09/10,巨人,広島,4,6,東京ドーム
2016,2016/09/10,ヤクルト,阪神,9,1,神宮球場
2016,2016/09/10,中日,DeNA,0,1,バンテリンドーム
2016,2016/09/10,楽天,日本ハム,4,7,楽天モバイルパーク
2016,2016/09/10,ソフトバンク,西武,2,7,PayPayドーム
2016,2016/09/11,巨人,広島,8,0,東京ドーム
2016,2016/09/11,ヤクルト,阪神,0,5,神宮球場
2016,2016/09/11,中日,DeNA,4,2,バンテリンドーム
2016,2016/09/11,楽天,日本ハム,9,4,楽天モバイルパーク
2016,2016/09/11,オリックス,ロッテ,4,3,京セラドーム
2016,2016/09/11,ソフトバンク,西武,8,5,PayPayドーム
2016,2016/09/12,楽天,オリックス,11,2,楽天モバイルパーク
2016,2016/09/13,ヤクルト,DeNA,3,11,神宮球場
2016,2016/09/13,中日,広島,0,4,バンテリンドーム
2016,2016/09/13,日本ハム,オリックス,4,2,札幌ドーム
2016,2016/09/14,ヤクルト,DeNA,3,2,神宮球場
2016,2016/09/14,中日,巨人,5,4,バンテリンドーム
2016,2016/09/14,阪神,広島,4,6,甲子園
2016,2016/09/14,日本ハム,オリックス,1,11,札幌ドーム
2016,2016/09/14,楽天,ソフトバンク,0,13,楽天モバイルパーク
2016,2016/09/14,ロッテ,西武,1,2,ZOZOマリン
2016,2016/09/15,阪神,DeNA,6,8,甲子園
2016,2016/09/15,広島,巨人,5,0,マツダスタジアム
2016,2016/09/15,日本ハム,オリックス,1,5,札幌ドーム
2016,2016/09/15,楽天,ロッテ,0,3,楽天モバイルパーク
2016,2016/09/16,巨人,ヤクルト,6,4,東京ドーム
2016,2016/09/16,阪神,DeNA,2,1,甲子園
2016,2016/09/16,広島,中日,8,0,マツダスタジアム
2016,2016/09/17,巨人,ヤクルト,2,5,東京ドーム
2016,2016/09/17,阪神,DeNA,3,6,甲子園
2016,2016/09/17,広島,中日,3,5,マツダスタジアム
2016,2016/09/17,日本ハム,ロッテ,14,6,札幌ドーム
2016,2016/09/17,西武,楽天,3,1,ベルーナドーム
2016,2016/09/17,ソフトバンク,オリックス,6,3,PayPayドーム
2016,2016/09/18,ヤクルト,中日,1,8,神宮球場
2016,2016/09/18,DeNA,広島,6,3,横浜スタジアム
2016,2016/09/18,日本ハム,ロッテ,4,2,札幌ドーム
2016,2016/09/18,西武,楽天,2,10,ベルーナドーム
2016,2016/09/18,ソフトバンク,オリックス,8,5,PayPayドーム
2016,2016/09/19,DeNA,広島,3,1,横浜スタジアム
2016,2016/09/19,阪神,巨人,4,1,甲子園
2016,2016/09/19,日本ハム,ロッテ,3,1,札幌ドーム
2016,2016/09/19,西武,楽天,5,2,ベルーナドーム
2016,2016/09/19,ソフトバンク,オリックス,3,3,PayPayドーム
2016,2016/09/20,オリックス,西武,1,11,京セラドーム
2016,2016/09/21,巨人,中日,5,2,東京ドーム
2016,2016/09/21,ロッテ,楽天,2,0,ZOZOマリン
2016,2016/09/21,オリックス,西武,5,2,京セラドーム
2016,2016/09/21,ソフトバンク,日本ハム,1,2,PayPayドーム
2016,2016/09/22,巨人,中日,4,3,東京ドーム
2016,2016/09/22,広島,阪神,1,4,マツダスタジアム
2016,2016/09/22,オリックス,西武,3,5,京セラドーム
2016,2016/09/22,ソフトバンク,日本ハム,2,5,PayPayドーム
2016,2016/09/23,巨人,DeNA,4,12,東京ドーム
2016,2016/09/23,日本ハム,楽天,2,4,札幌ドーム
2016,2016/09/23,西武,ソフトバンク,0,8,ベルーナドーム
2016,2016/09/24,DeNA,巨人,6,5,横浜スタジアム
2016,2016/09/24,中日,阪神,0,2,バンテリンドーム
2016,2016/09/24,広島,ヤクルト,5,0,マツダスタジアム
2016,2016/09/24,日本ハム,楽天,4,1,札幌ドーム
2016,2016/09/24,西武,ソフトバンク,3,4,ベルーナドーム
2016,2016/09/24,ロッテ,オリックス,4,3,ZOZOマリン
2016,2016/09/25,中日,阪神,1,4,バンテリンドーム
2016,2016/09/25,日本ハム,楽天,2,1,札幌ドーム
2016,2016/09/25,西武,ソフトバンク,7,5,ベルーナドーム
2016,2016/09/25,ロッテ,オリックス,0,2,ZOZOマリン
2016,2016/09/26,ロッテ,ソフトバンク,3,2,ZOZOマリン
2016,2016/09/26,オリックス,日本ハム,3,4,京セラドーム
2016,2016/09/27,巨人,中日,5,1,東京ドーム
2016,2016/09/27,阪神,ヤクルト,4,3,甲子園
2016,2016/09/27,西武,日本ハム,3,0,ベルーナドーム
2016,2016/09/27,ロッテ,ソフトバンク,2,3,ZOZOマリン
2016,2016/09/27,オリックス,楽天,10,3,京セラドーム
2016,2016/09/28,巨人,中日,3,2,東京ドーム
2016,2016/09/28,ヤクルト,DeNA,6,5,神宮球場
2016,2016/09/28,西武,日本ハム,0,1,ベルーナドーム
2016,2016/09/28,ロッテ,ソフトバンク,5,10,ZOZOマリン
2016,2016/09/28,オリックス,楽天,6,5,京セラドーム
2016,2016/09/29,巨人,広島,3,5,東京ドーム
2016,2016/09/29,DeNA,ヤクルト,6,11,横浜スタジアム
2016,2016/09/29,オリックス,楽天,2,10,京セラドーム
2016,2016/09/30,阪神,巨人,2,1,甲子園
2016,2016/09/30,日本ハム,ロッテ,3,1,札幌ドーム
2016,2016/09/30,ソフトバンク,楽天,8,2,PayPayドーム
2016,2016/10/01,阪神,巨人,6,0,甲子園
2016,2016/10/01,広島,ヤクルト,3,1,マツダスタジアム
2016,2016/10/01,楽天,オリックス,8,1,楽天モバイルパーク
2016,2016/10/02,楽天,ソフトバンク,7,0,楽天モバイルパーク
2016,2016/10/04,ロッテ,楽天,4,2,ZOZOマリン
2016,2016/10/05,ロッテ,楽天,7,1,ZOZOマリン
2016,2016/10/08,巨人,DeNA,3,5,東京ドーム
2016,2016/10/08,ソフトバンク,ロッテ,4,3,PayPayドーム
2016,2016/10/09,巨人,DeNA,2,1,東京ドーム
2016,2016/10/09,ソフトバンク,ロッテ,4,1,PayPayドーム
2016,2016/10/10,巨人,DeNA,3,4,東京ドーム
2016,2016/10/12,広島,DeNA,5,0,マツダスタジアム
2016,2016/10/12,日本ハム,ソフトバンク,6,0,札幌ドーム
2016,2016/10/13,広島,DeNA,3,0,マツダスタジアム
2016,2016/10/13,日本ハム,ソフトバンク,4,6,札幌ドーム
2016,2016/10/14,広島,DeNA,0,3,マツダスタジアム
2016,2016/10/14,日本ハム,ソフトバンク,4,1,札幌ドーム
2016,2016/10/15,広島,DeNA,8,7,マツダスタジアム
2016,2016/10/15,日本ハム,ソフトバンク,2,5,札幌ドーム
2016,2016/10/16,日本ハム,ソフトバンク,7,4,札幌ドーム
2016,2016/10/22,広島,日本ハム,5,1,マツダスタジアム
2016,2016/10/23,広島,日本ハム,5,1,マツダスタジアム
2016,2016/10/25,日本ハム,広島,4,3,札幌ドーム
2016,2016/10/26,日本ハム,広島,3,1,札幌ドーム
2016,2016/10/27,日本ハム,広島,5,1,札幌ドーム
2016,2016/10/29,広島,日本ハム,4,10,マツダスタジアム
